"","mice","date_expe","AGE","AGE_MONTHS","REMAINTIME","PRED","BW","BT","FAT","FINKCALs","GLY","P1","P3","Dim.1","STATUS"
"1",1,2019-03-01,101,"3.1",109,"under31",28.4,NA,NA,NA,143,11.611,7.09,0.0503988787292871,"NS"
"2",1,2019-03-22,122,"3.8",88,"under31",29.3,NA,NA,NA,163,10.47,7.128,1.15859709887917,"NS"
"3",1,2019-04-17,148,"4.6",62,"under31",32.6,NA,8.49,NA,136,10.602,7.987,0.906418288527789,"NS"
"4",1,2019-06-05,197,"6.2",13,"above31",31.9,35.2,2.126,0.06678,113,11.563,23.699,-2.47231923638085,"S"
"5",2,2019-03-01,101,"3.1",186,"under31",26.7,NA,NA,NA,173,9.973,5.419,1.21863655372636,"NS"
"6",2,2019-03-22,122,"3.8",165,"under31",27.59,NA,NA,NA,174,10.129,7.448,1.39566301624341,"NS"
"7",2,2019-04-17,148,"4.6",139,"under31",28.3,NA,5.02,NA,133,9.659,6.711,-0.264247531363751,"NS"
"8",2,2019-06-05,197,"6.2",90,"under31",28.9,37.7,4.813,NA,144,10.562,8.217,0.271348963123218,"NS"
"9",2,2019-07-04,226,"7.2",61,"under31",30.9,37.2,4.384,NA,134,10,7.59,-0.0406844574198953,"NS"
"10",2,2019-07-30,252,"8.0",35,"under31",31.7,37.2,2.565,11.26356,137,12.461,7.045,-0.129268210064896,"NS"
"11",2,2019-08-14,267,"8.5",20,"above31",27,35.9,NA,NA,105,NA,7.333,-2.14657582642789,"S"
"12",2,2019-09-03,287,"9.2",0,"above31",23.7,33.8,NA,NA,44,NA,NA,-6.27340613356694,"S"
"13",4,2019-03-01,101,"3.1",166,"under31",27.4,NA,NA,NA,149,9.357,5.947,0.204417233401957,"NS"
"14",4,2019-03-22,122,"3.8",145,"under31",27.6,NA,NA,NA,169,12.304,6.625,1.14103868671658,"NS"
"15",4,2019-04-17,148,"4.6",119,"under31",32.1,NA,2.75,NA,136,9.847,7.273,-0.348545483773061,"NS"
"16",4,2019-06-05,197,"6.2",70,"under31",33.3,37.9,4.744,12.4127325,125,12.156,6.704,0.428360434864986,"NS"
"17",4,2019-07-04,226,"7.2",41,"under31",33.6,36.7,5.572,NA,131,12.509,7.428,0.137142282502408,"NS"
"18",4,2019-07-30,252,"8.0",15,"above31",34.4,36.8,5.71,NA,131,15.274,8.391,0.223797437430356,"NS"
"19",5,2019-03-01,101,"3.1",166,"under31",27.6,NA,NA,NA,146,6.692,5.602,0.131343131268518,"NS"
"20",5,2019-03-22,122,"3.8",145,"under31",29.15,NA,NA,NA,172,36.139,7.181,1.24393154342991,"NS"
"21",5,2019-04-17,148,"4.6",119,"under31",34.3,NA,8.5,NA,151,11.221,7.507,1.63337092316036,"NS"
"22",5,2019-06-05,197,"6.2",70,"under31",37.4,37.5,4.921,NA,144,13.345,7.755,0.926680816443993,"NS"
"23",5,2019-07-04,226,"7.2",41,"under31",37.3,38.4,9.148,13.85685,136,17.247,10.133,1.7956472109951,"NS"
"24",5,2019-07-30,252,"8.0",15,"above31",27.1,35.3,0.94,0,91,13.887,16.82,-3.34732204828913,"S"
"25",5,2019-08-14,267,"8.5",0,"above31",21.4,34.5,NA,NA,65,NA,33.51,-5.4381369868073,"S"
"26",6,2019-03-01,101,"3.1",115,"under31",28.4,NA,NA,NA,157,10.514,6.627,0.728989687709105,"NS"
"27",6,2019-03-22,122,"3.8",94,"under31",27.8,NA,NA,NA,147,10.506,7.726,0.148089278934101,"NS"
"28",6,2019-04-17,148,"4.6",68,"under31",29.3,NA,9.87,NA,135,10.85,6.799,0.919012673488515,"NS"
"29",6,2019-06-05,197,"6.2",19,"above31",33.1,38,6.648,9.6246675,133,11.522,8.713,0.556128358233603,"NS"
"30",8,2019-03-01,101,"3.1",178,"under31",33.5,NA,NA,NA,160,3.414,7.74,1.79657815396144,"NS"
"31",8,2019-03-22,122,"3.8",157,"under31",34.2,NA,NA,NA,174,11.916,7.394,2.47297736084067,"NS"
"32",8,2019-04-17,148,"4.6",131,"under31",33.4,NA,11.38,NA,144,11.394,7.245,1.90443454173743,"NS"
"33",8,2019-06-05,197,"6.2",82,"under31",36.7,37.7,8.608,NA,136,10.742,9.109,1.47976088619888,"NS"
"34",8,2019-07-04,226,"7.2",53,"under31",38.4,36.7,10.585,NA,129,10.612,7.283,1.49522010180698,"NS"
"35",8,2019-07-30,252,"8.0",27,"above31",37.8,37,1.165,5.52048,131,14.739,10.796,-0.725236773402285,"NS"
"36",8,2019-08-14,267,"8.5",12,"above31",29,32.5,NA,NA,91,NA,22.499,-3.65599368591396,"S"
"37",9,2019-03-01,101,"3.1",119,"under31",29.2,NA,NA,NA,140,10.924,6.873,0.0518011143875293,"NS"
"38",9,2019-03-22,122,"3.8",98,"under31",31.4,NA,NA,NA,176,9.67,7.169,2.13134817841605,"NS"
"39",9,2019-04-17,148,"4.6",72,"under31",34.5,NA,NA,13.6899,144,9.337,7.139,1.33696476355117,"NS"
"40",9,2019-06-05,197,"6.2",23,"above31",36.8,36.7,6.167,NA,140,14.662,9.56,0.697645063210614,"NS"
"41",10,2019-03-01,101,"3.1",166,"under31",28.6,NA,NA,NA,159,16.883,6.253,0.78168444312763,"NS"
"42",10,2019-03-22,122,"3.8",145,"under31",28.3,NA,NA,NA,158,10.324,6.473,0.76317407652605,"NS"
"43",10,2019-04-17,148,"4.6",119,"under31",28.8,NA,8.36,NA,131,9.795,6.748,0.408911982206276,"NS"
"44",10,2019-06-05,197,"6.2",70,"under31",33.3,38.1,8.99,18.26433,147,11.902,11.346,2.1153495548546,"NS"
"45",10,2019-07-04,226,"7.2",41,"under31",34.9,36.5,5.997,NA,140,11.478,7.207,0.488868573505572,"NS"
"46",10,2019-07-30,252,"8.0",15,"above31",18.4,29,0.939,0,73,7.301,13.79,-5.8813652045984,"S"
"47",11,2019-03-01,101,"3.1",145,"under31",32.3,NA,NA,NA,136,20.105,20.235,0.158607235536913,"NS"
"48",11,2019-03-22,122,"3.8",124,"under31",35.3,NA,NA,NA,189,12.678,6.707,3.36068267607753,"NS"
"49",11,2019-04-17,148,"4.6",98,"under31",39.8,NA,7.612,10.968615,153,11.181,6.68,1.50727979166022,"NS"
"50",11,2019-06-05,197,"6.2",49,"under31",39.1,37.2,7.125,NA,141,8.995,7.951,1.37661439737795,"NS"
"51",11,2019-07-04,226,"7.2",20,"above31",24.3,35.5,1.254,0,68,11.052,10.666,-3.77781728165926,"S"
"52",15,2019-03-01,101,"3.1",178,"under31",27.7,NA,NA,NA,155,9.255,7.094,0.529823115691399,"NS"
"53",15,2019-03-22,122,"3.8",157,"under31",29.8,NA,NA,NA,166,10.324,8.467,1.37451279698767,"NS"
"54",15,2019-04-17,148,"4.6",131,"under31",31.8,NA,NA,14.674905,146,10.078,7.66,1.22827828016784,"NS"
"55",15,2019-06-05,197,"6.2",82,"under31",32.5,NA,6.154,11.2607775,127,10.812,9.244,0.178472708796228,"NS"
"56",15,2019-07-04,226,"7.2",53,"under31",36.2,37.4,7.994,NA,158,11.636,7.083,1.73379661658478,"NS"
"57",15,2019-07-30,252,"8.0",27,"above31",33,30.3,3.459,0.016695,116,11.257,24.366,-3.4381128856654,"S"
"58",15,2019-08-14,267,"8.5",12,"above31",20.2,30,NA,NA,28,NA,34.514,-8.54889927469813,"S"
"59",16,2019-03-01,94,"3.1",290,"under31",25.9,NA,NA,NA,146,7.956,6.015,-0.170042911991077,"NS"
"60",16,2019-03-22,115,"3.8",269,"under31",29.2,NA,NA,NA,133,9.249,6.099,-0.252196051701635,"NS"
"61",16,2019-04-17,141,"4.6",243,"under31",30.6,NA,2.763,12.4795125,157,9.693,6.303,0.522011682797424,"NS"
"62",16,2019-06-05,190,"6.2",194,"under31",32.2,38.2,5.021,11.636415,136,11.887,7.767,0.569695506200056,"NS"
"63",16,2019-07-04,219,"7.2",165,"under31",33.2,37,6.396,NA,145,9.421,8.63,0.733612979981014,"NS"
"64",16,2019-07-30,245,"8.0",139,"under31",33.5,37.2,8.668,18.56484,146,12.788,25.626,1.73582337999694,"NS"
"65",16,2019-08-14,260,"8.5",124,"under31",31.1,37.5,NA,NA,128,NA,7.128,-0.0573658053760112,"NS"
"66",16,2019-09-03,280,"9.2",104,"under31",34.2,38,4.911,10.2396,129,10.812,7.458,0.389069577635198,"NS"
"67",16,2019-09-17,294,"9.5",90,"under31",29,37.3,NA,NA,143,NA,6.816,0.154197880479096,"NS"
"68",16,2019-10-04,311,"10.1",73,"under31",33.5,36,6.224,10.07265,143,11.837,7.706,0.220777541288971,"NS"
"69",16,2019-10-22,329,"10.7",55,"under31",31.6,37.5,NA,NA,133,NA,6.666,0.230616800770835,"NS"
"70",16,2019-10-31,338,"11.0",46,"under31",34.8,37.1,6.704,8.77044,135,33.272,21.821,0.0531902296936598,"NS"
"71",16,2019-11-18,356,"11.6",28,"above31",32.1,37.7,NA,NA,127,NA,13.47,0.042228871805702,"NS"
"72",16,2019-12-03,371,"12.0",13,"above31",31,37.3,NA,NA,135,10.265,7.535,0.255681984115387,"NS"
"73",16,2019-12-16,384,"12.5",0,"above31",22,30.8,NA,NA,20,NA,NA,-8.57096450639199,"S"
"74",17,2019-03-01,94,"3.1",213,"under31",26.2,NA,NA,NA,143,10.358,7.234,-0.301106848951644,"NS"
"75",17,2019-03-22,115,"3.8",192,"under31",27.7,NA,NA,NA,145,11.584,8.079,0.0209386800291833,"NS"
"76",17,2019-04-17,141,"4.6",166,"under31",27,NA,2.305,NA,137,9.225,7.962,-0.79378399622569,"NS"
"77",17,2019-06-05,190,"6.2",117,"under31",31.6,NA,5.333,14.1990975,151,15.501,7.606,1.02335005912454,"NS"
"78",17,2019-07-04,219,"7.2",88,"under31",32.6,38.2,6.243,1.69176,144,8.807,6.568,-0.116083553844574,"NS"
"79",17,2019-07-30,245,"8.0",62,"under31",31.7,37.2,5.155,9.2379,129,11.106,6.621,-0.0779099609475391,"NS"
"80",17,2019-08-14,260,"8.5",47,"under31",26.9,36.6,NA,NA,146,NA,7.578,-0.289818866684513,"NS"
"81",17,2019-09-03,280,"9.2",27,"above31",27.8,38.1,3.91,NA,111,10.483,6.912,-0.623609818695562,"NS"
"82",17,2019-09-17,294,"9.5",13,"above31",21.4,35.3,NA,NA,119,NA,8.318,-2.67741989822183,"S"
"83",18,2019-03-01,94,"3.1",257,"under31",25,NA,NA,NA,145,8.076,9.209,-0.393949480033249,"NS"
"84",18,2019-03-22,115,"3.8",236,"under31",28.6,NA,NA,NA,170,9.451,6.49,1.3905528001957,"NS"
"85",18,2019-04-17,141,"4.6",210,"under31",27.5,NA,NA,12.504555,139,9.483,6.236,0.154355660282129,"NS"
"86",18,2019-06-05,190,"6.2",161,"under31",31,35,3.763,12.96645,131,10.069,8.508,-0.485603359850824,"NS"
"87",18,2019-07-04,219,"7.2",132,"under31",31.9,38.5,6.62,11.77554,148,8.19,7.217,1.13944361507588,"NS"
"88",18,2019-07-30,245,"8.0",106,"under31",32.7,36.5,6.859,17.8386075,137,11.565,6.227,1.1465558092605,"NS"
"89",18,2019-08-14,260,"8.5",91,"under31",28.4,36.8,NA,NA,135,NA,6.031,-0.411504639006898,"NS"
"90",18,2019-09-03,280,"9.2",71,"under31",32.2,36.3,5.004,11.92023,124,13.714,7.677,-0.133294540132915,"NS"
"91",18,2019-09-17,294,"9.5",57,"under31",28.3,37.8,NA,NA,134,NA,7.164,-0.169117803674404,"NS"
"92",18,2019-10-04,311,"10.1",40,"under31",32.9,36.9,5.701,11.96475,152,10.852,8.22,0.704716871408607,"NS"
"93",18,2019-10-22,329,"10.7",22,"above31",31,37.3,NA,NA,123,NA,6.651,-0.331858241852513,"NS"
"94",18,2019-10-31,338,"11.0",13,"above31",34.3,37.4,0.99,0,136,23.792,NA,-1.42604375767094,"S"
"95",19,2019-03-01,94,"3.1",213,"under31",24.8,NA,NA,NA,154,8.376,8.108,0.00315966205775609,"NS"
"96",19,2019-03-22,115,"3.8",192,"under31",29.1,NA,NA,NA,153,10.728,6.756,0.652711922075807,"NS"
"97",19,2019-04-17,141,"4.6",166,"under31",29.9,NA,4.84,NA,150,10.947,7.202,0.478252501573724,"NS"
"98",19,2019-06-05,190,"6.2",117,"under31",31.8,38.6,5.583,9.44937,154,9.761,8.082,0.827818463093327,"NS"
"99",19,2019-07-04,219,"7.2",88,"under31",31.4,37,4.541,12.07605,147,10.842,7.481,0.373497517685048,"NS"
"100",19,2019-07-30,245,"8.0",62,"under31",31,36.7,5.287,13.21131,128,10.249,8.137,0.1708926511844,"NS"
"101",19,2019-08-14,260,"8.5",47,"under31",28.6,36.9,NA,NA,150,NA,7.471,0.239094009830942,"NS"
"102",19,2019-09-03,280,"9.2",27,"above31",30,38.4,1.918,11.76441,138,8.522,7.449,0.0747543920919899,"NS"
"103",19,2019-09-17,294,"9.5",13,"above31",28.6,37.3,NA,NA,114,NA,10.25,-1.1261491335376,"S"
"104",20,2019-03-01,94,"3.1",209,"under31",28.2,NA,NA,NA,140,8.868,7.399,-0.0934498547706417,"NS"
"105",20,2019-03-22,115,"3.8",188,"under31",31.5,NA,NA,NA,134,12.163,7.48,0.130611226936932,"NS"
"106",20,2019-04-17,141,"4.6",162,"under31",33,NA,9.93,NA,125,10.208,8.404,0.808246505003593,"NS"
"107",20,2019-06-05,190,"6.2",113,"under31",37.9,37.5,8.261,NA,138,13.544,8.535,1.45856698993486,"NS"
"108",20,2019-07-04,219,"7.2",84,"under31",37.8,36.5,9.715,NA,160,9.922,7.705,1.9446752549227,"NS"
"109",20,2019-07-30,245,"8.0",58,"under31",38.6,37.1,9.273,9.4410225,133,14.952,10.705,1.0546593525738,"NS"
"110",20,2019-08-14,260,"8.5",43,"under31",32.1,36.6,NA,NA,134,NA,6.621,0.0693743294435372,"NS"
"111",20,2019-09-03,280,"9.2",23,"above31",38.2,38.2,6.619,NA,123,226.791,7.767,-1.89875071825035,"S"
"112",20,2019-09-17,294,"9.5",9,"above31",22.6,32.6,NA,NA,34,NA,194.239,-9.18840610905115,"S"
"113",21,2019-03-01,94,"3.1",153,"under31",25.7,NA,NA,NA,124,8.884,6.803,-1.26037832573301,"S"
"114",21,2019-03-22,115,"3.8",132,"under31",26.7,NA,NA,NA,124,9.203,5.811,-1.0901115056919,"NS"
"115",21,2019-04-17,141,"4.6",106,"under31",29.2,NA,5.5,NA,127,8.51,7.218,-0.324453887671394,"NS"
"116",21,2019-06-05,190,"6.2",57,"under31",34.8,37.5,6.044,NA,147,11.972,7.738,1.00472818895221,"NS"
"117",21,2019-07-04,219,"7.2",28,"above31",34.6,36.8,2.246,2.31504,136,9.497,9.351,-1.04605159669229,"NS"
"118",21,2019-07-30,245,"8.0",2,"above31",25.7,NA,NA,NA,30,60.071,39.206,-6.58821457843671,"S"
"119",22,2019-03-01,94,"3.1",277,"under31",27.4,NA,NA,NA,157,11.689,6.516,0.549252087960842,"NS"
"120",22,2019-03-22,115,"3.8",256,"under31",26.4,NA,NA,NA,160,8.523,5.076,0.575086687155576,"NS"
"121",22,2019-04-17,141,"4.6",230,"under31",30.5,NA,3.72,NA,152,11.749,7.724,0.350627312393557,"NS"
"122",22,2019-06-05,190,"6.2",181,"under31",32.6,NA,7.956,15.8685975,154,20.325,7.689,1.77445541946559,"NS"
"123",22,2019-07-04,219,"7.2",152,"under31",32.1,37,7.545,NA,134,13.993,7.895,0.538616065421144,"NS"
"124",22,2019-07-30,245,"8.0",126,"under31",32.6,36.4,6.458,10.75158,153,32.304,16.093,0.252882419228184,"NS"
"125",22,2019-08-14,260,"8.5",111,"under31",30.1,36.8,NA,NA,123,NA,6.548,-0.631207512780853,"NS"
"126",22,2019-09-03,280,"9.2",91,"under31",33.2,38.1,7.102,9.9057,143,9.109,7.861,0.897620450057448,"NS"
"127",22,2019-09-17,294,"9.5",77,"under31",32,37.9,NA,NA,153,NA,6.674,1.22792374845523,"NS"
"128",22,2019-10-04,311,"10.1",60,"under31",34.3,36.8,7.377,10.33977,153,12.502,9.057,0.853222614690407,"NS"
"129",22,2019-10-22,329,"10.7",42,"under31",32.1,37.9,NA,NA,135,NA,7.2,0.509835068131606,"NS"
"130",22,2019-10-31,338,"11.0",33,"under31",35.6,36.8,8.93,10.95192,143,22.712,9.12,0.966092624187644,"NS"
"131",22,2019-11-18,356,"11.6",15,"above31",31.8,38.1,NA,NA,138,NA,8.462,0.629332569530387,"NS"
"132",23,2019-03-01,94,"3.1",342,"under31",25.5,NA,NA,NA,152,7.179,6.814,0.0500603933493454,"NS"
"133",23,2019-03-22,115,"3.8",321,"under31",27.7,NA,NA,NA,134,4.423,3.765,-0.376467153832156,"NS"
"134",23,2019-04-17,141,"4.6",295,"under31",31.7,NA,3.264,11.28582,142,11.28,8.029,0.080781933638774,"NS"
"135",23,2019-06-05,190,"6.2",246,"under31",34.4,37.8,5.769,NA,143,12.169,7.728,0.928047532233885,"NS"
"136",23,2019-07-04,219,"7.2",217,"under31",36.2,38.1,7.981,NA,127,10.514,7.062,1.26571079134366,"NS"
"137",23,2019-07-30,245,"8.0",191,"under31",36.6,37.2,8.18,NA,144,11.383,7.472,1.40137755030804,"NS"
"138",23,2019-08-14,260,"8.5",176,"under31",31,36.7,NA,NA,125,NA,7.462,-0.449745226716995,"NS"
"139",23,2019-09-03,280,"9.2",156,"under31",36.6,38.2,6.929,8.98191,133,13.592,11.903,0.795088829447336,"NS"
"140",23,2019-09-17,294,"9.5",142,"under31",31.3,37.6,NA,NA,138,NA,6.979,0.411926927059131,"NS"
"141",23,2019-10-04,311,"10.1",125,"under31",37,36.5,7.482,6.84495,140,12.426,7.87,0.393516612642285,"NS"
"142",23,2019-10-22,329,"10.7",107,"under31",32.5,37.5,NA,NA,155,NA,8.029,1.24561366037746,"NS"
"143",23,2019-10-31,338,"11.0",98,"under31",38.9,38,7.551,6.661305,143,20.186,10.834,0.866391253511027,"NS"
"144",23,2019-11-18,356,"11.6",80,"under31",32.8,38.1,NA,NA,140,NA,8.645,0.867663639388992,"NS"
"145",23,2019-12-03,371,"12.0",65,"under31",36.3,38.5,NA,NA,145,11.02,8.927,1.88348836505922,"NS"
"146",23,2019-12-16,384,"12.5",52,"under31",31.6,37,7.86,NA,130,12.075,6.441,0.497995701091194,"NS"
"147",23,2020-01-08,407,"13.2",29,"above31",34.7,34.9,9.64,NA,119,17.053,9.703,-0.00226219522126891,"NS"
"148",23,2020-01-30,429,"14.0",7,"above31",21.8,33.8,1.44,NA,82,47.872,12.437,-4.41948992719735,"S"
"149",24,2019-03-01,94,"3.1",262,"under31",28.1,NA,NA,NA,169,12.714,5.898,1.2249530572868,"NS"
"150",24,2019-03-22,115,"3.8",241,"under31",29.5,NA,NA,NA,164,4.228,3.447,1.3450557767114,"NS"
"151",24,2019-04-17,141,"4.6",215,"under31",34.5,NA,4.182,NA,154,11.091,7.827,0.840377967711043,"NS"
"152",24,2019-06-05,190,"6.2",166,"under31",35.9,37.3,6.635,NA,152,12.731,8.059,1.24708711209082,"NS"
"153",24,2019-07-04,219,"7.2",137,"under31",36.3,38.1,8.369,NA,136,9.165,8.428,1.57041942403094,"NS"
"154",24,2019-07-30,245,"8.0",111,"under31",36.4,36.7,7.236,12.29865,124,13.432,13.138,0.626635013838515,"NS"
"155",24,2019-08-14,260,"8.5",96,"under31",30.7,35.9,NA,NA,132,NA,8.52,-0.479524345066216,"NS"
"156",24,2019-09-03,280,"9.2",76,"under31",36.3,38.2,9.63,14.55804,126,10.193,9.106,1.7285790088384,"NS"
"157",24,2019-09-17,294,"9.5",62,"under31",34.6,36.8,NA,NA,143,NA,6.719,0.894199703113585,"NS"
"158",24,2019-10-04,311,"10.1",45,"under31",37.3,36,8.286,11.55294,146,10.341,6.481,1.05805633199664,"NS"
"159",24,2019-10-22,329,"10.7",27,"above31",34.2,37.6,NA,NA,113,NA,7.967,-0.147237133071033,"NS"
"160",24,2019-10-31,338,"11.0",18,"above31",30.2,34.6,1.152,1.71402,89,248.829,71.428,-6.12438870673445,"S"
"161",24,2019-11-18,356,"11.6",0,"above31",21.1,31.5,NA,NA,20,NA,NA,-8.49573400180302,"S"
"162",25,2019-03-01,94,"3.1",198,"under31",24.5,NA,NA,NA,139,11.022,5.297,-0.765300862995289,"NS"
"163",25,2019-03-22,115,"3.8",177,"under31",27.2,NA,NA,NA,154,8.659,3.634,0.434479706511356,"NS"
"164",25,2019-04-17,141,"4.6",151,"under31",30.6,NA,NA,14.05719,150,11.03,9.341,1.06607674550496,"NS"
"165",25,2019-06-05,190,"6.2",102,"under31",29.5,37.6,3.736,NA,133,10.37,9.476,-0.185360592040594,"NS"
"166",25,2019-07-04,219,"7.2",73,"under31",31.5,38.6,4.902,17.12907,137,14.026,9.449,1.18477438914203,"NS"
"167",25,2019-07-30,245,"8.0",47,"under31",29.9,37.6,8.18,NA,113,10.824,7.043,0.237714631667719,"NS"
"168",25,2019-08-14,260,"8.5",32,"under31",28.2,37.3,NA,NA,156,NA,6.728,0.552634189750567,"NS"
"169",25,2019-09-03,280,"9.2",12,"above31",25.4,34.7,1.033,0,94,9.932,44.095,-3.73908833105569,"S"
"170",26,2019-03-01,94,"3.1",322,"under31",23.8,NA,NA,NA,142,7.997,5.919,-0.70784157392772,"NS"
"171",26,2019-03-22,115,"3.8",301,"under31",26.7,NA,NA,NA,135,9.38,6.756,-0.580146175594902,"NS"
"172",26,2019-04-17,141,"4.6",275,"under31",28.2,NA,4.08,NA,140,11.135,8.237,-0.223803604158186,"NS"
"173",26,2019-06-05,190,"6.2",226,"under31",29.76,36.8,3.777,12.06492,132,12.284,NA,-0.216424439876327,"NS"
"174",26,2019-07-04,219,"7.2",197,"under31",29.3,36.5,4.37,NA,134,10.424,7.452,-0.440447829813185,"NS"
"175",26,2019-07-30,245,"8.0",171,"under31",30.1,37.2,5.14,NA,151,10.7,7.451,0.427777481180876,"NS"
"176",26,2019-08-14,260,"8.5",156,"under31",25.1,36.6,NA,NA,139,NA,7.414,-0.858334761372078,"NS"
"177",26,2019-09-03,280,"9.2",136,"under31",29.6,37.5,5.396,12.243,148,28.895,7.413,0.339616640746818,"NS"
"178",26,2019-09-17,294,"9.5",122,"under31",27.5,38.3,NA,NA,154,NA,6.32,0.678748473110276,"NS"
"179",26,2019-10-04,311,"10.1",105,"under31",28.4,35.9,4.961,10.61802,154,10.538,8.295,-0.117382654745721,"NS"
"180",26,2019-10-22,329,"10.7",87,"under31",26.6,36.9,NA,NA,127,NA,7.095,-1.00506648578839,"NS"
"181",26,2019-10-31,338,"11.0",78,"under31",30.1,37.7,3.898,8.64801,143,24.635,7.911,-0.234574694548962,"NS"
"182",26,2019-11-18,356,"11.6",60,"under31",25.7,38.3,NA,NA,117,NA,8.908,-1.13766591437058,"S"
"183",26,2019-12-03,371,"12.0",45,"under31",28.7,38.1,NA,NA,110,13.816,6.678,-0.586103791710745,"NS"
"184",26,2019-12-16,384,"12.5",32,"under31",27,38.3,3.88,NA,125,12.28,6.644,-0.318697770833977,"NS"
"185",26,2020-01-08,407,"13.2",9,"above31",27.7,34.8,4.08,NA,115,18.434,7.663,-1.81182119985737,"S"
"186",27,2019-03-01,94,"3.1",69,"under31",26.2,NA,NA,NA,119,10.197,5.876,-1.42215515400478,"S"
"187",27,2019-03-22,115,"3.8",48,"under31",26.7,NA,NA,NA,123,12.658,8.435,-1.20070902818194,"S"
"188",28,2019-03-01,94,"3.1",277,"under31",23,NA,NA,NA,137,6.673,5.488,-1.05737904381881,"NS"
"189",28,2019-03-22,115,"3.8",256,"under31",26.1,NA,NA,NA,139,13.003,7.986,-0.545145191073708,"NS"
"190",28,2019-04-17,141,"4.6",230,"under31",27.7,NA,3.56,NA,142,11.316,8.143,-0.294877123203768,"NS"
"191",28,2019-06-05,190,"6.2",181,"under31",25.61,36.9,3.077,NA,132,9.4,8.815,-0.908818042813694,"NS"
"192",28,2019-07-04,219,"7.2",152,"under31",28.7,36.6,4.393,NA,136,10.578,7.598,-0.408247853804678,"NS"
"193",28,2019-07-30,245,"8.0",126,"under31",27.8,36.9,5.83,NA,142,11.656,8.427,0.0171042924374884,"NS"
"194",28,2019-08-14,260,"8.5",111,"under31",26.4,37,NA,NA,127,NA,7.772,-1.01451489728263,"NS"
"195",28,2019-09-03,280,"9.2",91,"under31",28.6,37.8,3.776,10.17282,138,11.38,7.508,-0.111304402436452,"NS"
"196",28,2019-09-17,294,"9.5",77,"under31",24.8,37.9,NA,NA,124,NA,7.407,-1.10463734100539,"S"
"197",28,2019-10-04,311,"10.1",60,"under31",28.3,36.5,5.233,11.04096,137,10.664,6.698,-0.164449943674831,"NS"
"198",28,2019-10-22,329,"10.7",42,"under31",26.2,37.3,NA,NA,120,NA,7.47,-1.23131129316198,"S"
"199",28,2019-10-31,338,"11.0",33,"under31",29.8,38,3.219,8.48106,145,11.347,8.218,-0.120947839386634,"NS"
"200",28,2019-11-18,356,"11.6",15,"above31",24.5,38.8,NA,NA,69,NA,6.55,-3.08134249095913,"S"
"201",28,2019-12-03,371,"12.0",0,"above31",21.2,33.9,NA,NA,20,NA,NA,-7.71713690074217,"S"
"202",29,2019-03-01,94,"3.1",189,"under31",27.7,NA,NA,NA,122,10.429,6.328,-1.03753660012025,"NS"
"203",29,2019-03-22,115,"3.8",168,"under31",30.3,NA,NA,NA,129,11.894,7.487,-0.301853207888339,"NS"
"204",29,2019-04-17,141,"4.6",142,"under31",32.8,NA,4.512,NA,144,7.513,9.025,0.408264311503537,"NS"
"205",29,2019-06-05,190,"6.2",93,"under31",33.55,37.2,7.451,15.22584,144,11.426,7.263,1.31583136008528,"NS"
"206",29,2019-07-04,219,"7.2",64,"under31",34.2,38.5,9.634,10.66254,143,10.552,7.057,1.53615632689713,"NS"
"207",29,2019-07-30,245,"8.0",38,"under31",34.8,37.3,6.87,5.09754,147,12.729,13.493,0.23156059446622,"NS"
"208",29,2019-08-14,260,"8.5",23,"above31",28.8,35.8,NA,NA,109,NA,15.436,-1.8340484203957,"S"
"209",29,2019-09-03,280,"9.2",3,"above31",20.4,26.9,NA,NA,86,6.801,8.359,-6.97709188335926,"S"
"210",30,2019-03-01,94,"3.1",262,"under31",29.2,NA,NA,NA,167,10.823,6.351,1.33285571001515,"NS"
"211",30,2019-03-22,115,"3.8",241,"under31",28.5,NA,NA,NA,137,10.141,8.016,-0.205858322240885,"NS"
"212",30,2019-04-17,141,"4.6",215,"under31",31.6,NA,3.279,11.669805,155,10.29,7.617,0.477281295181763,"NS"
"213",30,2019-06-05,190,"6.2",166,"under31",30.34,37.2,5.791,NA,138,12.703,8.988,0.226202512346302,"NS"
"214",30,2019-07-04,219,"7.2",137,"under31",33.1,36.6,5.052,10.17282,159,9.601,6.754,0.4938520485119,"NS"
"215",30,2019-07-30,245,"8.0",111,"under31",34.1,37.2,8.809,15.0004575,138,9.616,7.153,1.45470363458692,"NS"
"216",30,2019-08-14,260,"8.5",96,"under31",31.9,36.8,NA,NA,140,NA,7.296,0.333715054970465,"NS"
"217",30,2019-09-03,280,"9.2",76,"under31",35.5,37.2,7.823,13.81233,152,11.045,7.208,1.50826309430376,"NS"
"218",30,2019-09-17,294,"9.5",62,"under31",31.9,37.5,NA,NA,140,NA,6.446,0.564267187046655,"NS"
"219",30,2019-10-04,311,"10.1",45,"under31",34.5,36,9.607,16.52805,159,11.046,8.522,1.79556301842296,"NS"
"220",30,2019-10-22,329,"10.7",27,"above31",34.3,30,NA,NA,139,NA,6.791,-1.44839256865633,"S"
"221",30,2019-10-31,338,"11.0",18,"above31",35.2,37.8,3.324,2.0284425,139,14.674,9.127,-0.606720851671388,"NS"
"222",30,2019-11-18,356,"11.6",0,"above31",24.3,32.5,NA,NA,33,NA,NA,-7.07722628573101,"S"
"223",31,2019-03-01,87,"3.1",370,"under31",29.4,NA,NA,NA,160,14.441,7.345,0.983088492012659,"NS"
"224",31,2019-03-22,108,"3.8",349,"under31",30.2,NA,NA,NA,156,13.995,6.449,0.93973077993785,"NS"
"225",31,2019-04-17,134,"4.6",323,"under31",32.5,NA,8.28,16.32771,164,11.094,6.006,2.22533275836493,"NS"
"226",31,2019-06-05,183,"6.2",274,"under31",35.76,37.5,7.512,NA,158,10.656,6.568,1.65672756793803,"NS"
"227",31,2019-07-04,212,"7.2",245,"under31",35.8,36.1,7.935,NA,143,9.837,6.882,0.890135740566753,"NS"
"228",31,2019-07-30,238,"8.0",219,"under31",36.3,37.7,9.221,12.76611,158,10.243,7.493,1.91005427250465,"NS"
"229",31,2019-08-14,253,"8.5",204,"under31",32.3,35.9,NA,NA,132,NA,6.914,-0.202741737471965,"NS"
"230",31,2019-09-03,273,"9.2",184,"under31",38.1,37.3,9.392,NA,133,10.681,6.448,1.55717639906488,"NS"
"231",31,2019-09-17,287,"9.5",170,"under31",34.8,36.7,NA,NA,139,NA,6.548,0.735449877203799,"NS"
"232",31,2019-10-04,304,"10.1",153,"under31",39.5,36,8.785,11.63085,152,9.062,7.593,1.41676974826538,"NS"
"233",31,2019-10-22,322,"10.7",135,"under31",33,37.3,NA,NA,135,NA,7.26,0.464850131915519,"NS"
"234",31,2019-10-31,331,"11.0",126,"under31",35.8,37.6,11.82,22.6300725,134,11.952,10.028,2.85902842370773,"NS"
"235",31,2019-11-18,349,"11.6",108,"under31",36.4,37.9,NA,NA,132,NA,7.182,1.07648748688274,"NS"
"236",31,2019-12-03,364,"12.0",93,"under31",37,37.5,NA,NA,113,11.376,6.999,0.69238255593119,"NS"
"237",31,2019-12-16,377,"12.5",80,"under31",39.4,37.3,12.6,NA,137,10.729,6.558,2.37746459968793,"NS"
"238",31,2020-01-08,400,"13.2",57,"under31",36.7,35.5,10.82,NA,141,13.084,6.842,1.21177609656052,"NS"
"239",31,2020-01-30,422,"14.0",35,"under31",35.6,36.5,10.26,NA,129,11.376,19.428,1.01599193932503,"NS"
"240",31,2020-02-19,442,"14.5",15,"above31",29,35.4,1.78,NA,90,378.643,298.904,-9.68795373081835,"S"
"241",32,2019-03-01,87,"3.1",277,"under31",28.6,NA,NA,NA,155,8.846,6.008,0.693139990521865,"NS"
"242",32,2019-03-22,108,"3.8",256,"under31",30.6,NA,NA,NA,143,8.912,5.797,0.459531334299591,"NS"
"243",32,2019-04-17,134,"4.6",230,"under31",33.8,NA,NA,NA,161,9.432,6.679,1.82845369165276,"NS"
"244",32,2019-06-05,183,"6.2",181,"under31",37.3,37.4,9.081,NA,137,12.399,8.669,1.51823696967761,"NS"
"245",32,2019-07-04,212,"7.2",152,"under31",36.7,36.3,10.014,NA,133,9.157,7.399,1.20741115693668,"NS"
"246",32,2019-07-30,238,"8.0",126,"under31",36.8,38,12.79,NA,125,12.256,8.457,2.11985998326639,"NS"
"247",32,2019-08-14,253,"8.5",111,"under31",36.9,36.4,NA,NA,153,NA,6.239,1.54685014940738,"NS"
"248",32,2019-09-03,273,"9.2",91,"under31",39.9,37.1,11.434,NA,129,9.885,6.783,1.9466854846824,"NS"
"249",32,2019-09-17,287,"9.5",77,"under31",37.1,37,NA,NA,153,NA,6.089,1.76891102642585,"NS"
"250",32,2019-10-04,304,"10.1",60,"under31",41.2,35.8,12.589,12.08718,149,11.062,6.9,2.05017702566389,"NS"
"251",32,2019-10-22,322,"10.7",42,"under31",36,36.8,NA,NA,142,NA,6.28,1.08339459498852,"NS"
"252",32,2019-10-31,331,"11.0",33,"under31",40.1,37.2,12.905,17.44071,144,11.4,8.901,2.86316140658059,"NS"
"253",32,2019-11-18,349,"11.6",15,"above31",40,37.4,NA,NA,139,NA,8.392,1.76244777062879,"NS"
"254",32,2019-12-03,364,"12.0",0,"above31",29.2,34.9,NA,NA,73,NA,NA,-3.73596680526868,"S"
"255",33,2019-03-01,87,"3.1",324,"under31",25.6,NA,NA,NA,146,7.586,61.334,-0.658481217228456,"NS"
"256",33,2019-03-22,108,"3.8",303,"under31",29.1,NA,NA,NA,152,10.737,10.1,0.578570567357974,"NS"
"257",33,2019-04-17,134,"4.6",277,"under31",29.8,NA,4.293,13.305915,142,12.691,8.471,0.401056791773329,"NS"
"258",33,2019-06-05,183,"6.2",228,"under31",34.6,37.5,8.662,NA,150,10.692,6.841,1.5834803008523,"NS"
"259",33,2019-07-04,212,"7.2",199,"under31",35.1,37.4,9.257,NA,151,9.121,6.345,1.7541084163315,"NS"
"260",33,2019-07-30,238,"8.0",173,"under31",35.6,36.3,7.775,10.0754325,158,11.618,40.569,0.697224331762787,"NS"
"261",33,2019-08-14,253,"8.5",158,"under31",29.6,36.2,NA,NA,132,NA,6.437,-0.534228154338255,"NS"
"262",33,2019-09-03,273,"9.2",138,"under31",36.3,37.4,8.313,14.54691,136,12.282,6.227,1.49019150191658,"NS"
"263",33,2019-09-17,287,"9.5",124,"under31",32.3,37.7,NA,NA,150,NA,7.254,1.08442852317214,"NS"
"264",33,2019-10-04,304,"10.1",107,"under31",26.9,36.6,10.544,13.63425,161,10.628,7.876,1.25813843876354,"NS"
"265",33,2019-10-22,322,"10.7",89,"under31",33.8,37.3,NA,NA,139,NA,6.577,0.763284094858481,"NS"
"266",33,2019-10-31,331,"11.0",80,"under31",35.7,37.6,8.392,12.25413,138,9.748,7.188,1.31534756779623,"NS"
"267",33,2019-11-18,349,"11.6",62,"under31",32.6,37.5,NA,NA,123,NA,7.835,-0.0287159028711986,"NS"
"268",33,2019-12-03,364,"12.0",47,"under31",37.1,37.7,NA,NA,134,12.822,7.577,1.36488241745706,"NS"
"269",33,2019-12-16,377,"12.5",34,"under31",36,37.8,9.16,NA,144,12.267,8.755,1.73103382966761,"NS"
"270",33,2020-01-08,400,"13.2",11,"above31",26.6,34.2,1.35,NA,90,14.151,14.252,-3.22728413779,"S"
"271",34,2019-03-01,87,"3.1",230,"under31",24.6,NA,NA,NA,133,7.858,5.494,-0.994962466355781,"NS"
"272",34,2019-03-22,108,"3.8",209,"under31",25.2,NA,NA,NA,154,8.76,6.081,0.0811825949185738,"NS"
"273",34,2019-04-17,134,"4.6",183,"under31",27.6,NA,3.666,13.48956,135,15.363,9.35,-0.014262753217712,"NS"
"274",34,2019-06-05,183,"6.2",134,"under31",28.6,36.7,3.933,NA,137,11.549,7.77,-0.4600226899844,"NS"
"275",34,2019-07-04,212,"7.2",105,"under31",27,38.4,4.283,15.20358,121,8.282,6.402,0.299270459508135,"NS"
"276",34,2019-07-30,238,"8.0",79,"under31",28.7,36.8,5.64,NA,114,13.021,7.809,-0.654040558008899,"NS"
"277",34,2019-08-14,253,"8.5",64,"under31",26.6,36.7,NA,NA,129,NA,6.056,-0.973435371363865,"NS"
"278",34,2019-09-03,273,"9.2",44,"under31",29.7,37.2,4.809,16.29432,115,9.511,6.726,0.2616856410365,"NS"
"279",34,2019-09-17,287,"9.5",30,"above31",29.4,37.8,NA,NA,135,NA,7.288,0.0455716351420659,"NS"
"280",34,2019-10-04,304,"10.1",13,"above31",26.9,34.5,1.069,0,89,41.924,40.076,-4.08064423785896,"S"
"281",35,2019-03-01,87,"3.1",146,"under31",26.4,NA,NA,NA,137,12.513,6.449,-0.571452648293041,"NS"
"282",35,2019-03-22,108,"3.8",125,"under31",27.6,NA,NA,NA,147,10.238,5.75,0.133954805150716,"NS"
"283",35,2019-04-17,134,"4.6",99,"under31",29.2,NA,6.62,NA,147,8.507,7.454,0.709259372343137,"NS"
"284",35,2019-06-05,183,"6.2",50,"under31",35.1,38,7.503,9.799965,138,16.702,8.792,0.884571561816771,"NS"
"285",35,2019-07-04,212,"7.2",21,"above31",34,38.5,6.353,14.8029,139,10.416,6.761,1.40780377142943,"NS"
"286",36,2019-03-01,87,"3.1",307,"under31",26.7,NA,NA,NA,133,9.446,5.124,-0.662374154235652,"NS"
"287",36,2019-03-22,108,"3.8",286,"under31",28.3,NA,NA,NA,155,9.036,7.642,0.627854793130617,"NS"
"288",36,2019-04-17,134,"4.6",260,"under31",29.4,NA,5.91,NA,145,7.572,7.15,0.504868537761174,"NS"
"289",36,2019-06-05,183,"6.2",211,"under31",33.9,36.9,7.003,NA,142,10.957,6.389,0.79889675031704,"NS"
"290",36,2019-07-04,212,"7.2",182,"under31",34,38.8,9.567,15.45957,147,10.34,7.572,2.18160849060663,"NS"
"291",36,2019-07-30,238,"8.0",156,"under31",32,37.3,8.488,16.4529225,140,9.776,7.065,1.46777442914034,"NS"
"292",36,2019-08-14,253,"8.5",141,"under31",32.9,37.1,NA,NA,132,NA,7.673,0.259565718375685,"NS"
"293",36,2019-09-03,273,"9.2",121,"under31",36.4,37.5,8.619,9.53841,138,11.082,6.736,1.06850633776758,"NS"
"294",36,2019-09-17,287,"9.5",107,"under31",32.5,36.6,NA,NA,133,NA,NA,0.0105515115733511,"NS"
"295",36,2019-10-04,304,"10.1",90,"under31",36.8,36.1,12.611,16.61709,154,9.677,6.882,2.40089979208326,"NS"
"296",36,2019-10-22,322,"10.7",72,"under31",37.1,36.3,NA,NA,155,NA,6.735,1.62181963711773,"NS"
"297",36,2019-10-31,331,"11.0",63,"under31",40.2,37.5,11.9,10.4622,150,13.98,9.983,2.10409876534509,"NS"
"298",36,2019-11-18,349,"11.6",45,"under31",27.4,37.7,NA,NA,147,NA,7.566,0.175589489150917,"NS"
"299",36,2019-12-03,364,"12.0",30,"above31",39.1,37.6,NA,NA,124,12.672,9.823,1.36158478690504,"NS"
"300",36,2019-12-16,377,"12.5",17,"above31",30.6,33.8,1.33,NA,102,22.789,20.115,-2.90579277022763,"S"
"301",37,2019-03-01,87,"3.1",233,"under31",27.7,NA,NA,NA,150,7.567,5.484,0.327173108388476,"NS"
"302",37,2019-03-22,108,"3.8",212,"under31",31,NA,NA,NA,149,9.887,6.393,0.792777339583958,"NS"
"303",37,2019-04-17,134,"4.6",186,"under31",32.5,NA,6.77,NA,150,8.958,7.031,1.11217243799703,"NS"
"304",37,2019-06-05,183,"6.2",137,"under31",33.6,35.2,6.171,11.80893,133,11.551,7.35,0.0292454999856752,"NS"
"305",37,2019-07-04,212,"7.2",108,"under31",34.9,37.8,6.814,15.81573,148,10.577,6.874,1.62504999720563,"NS"
"306",37,2019-07-30,238,"8.0",82,"under31",36.6,37,8.16,NA,146,11.31,7.448,1.37395500679783,"NS"
"307",37,2019-08-14,253,"8.5",67,"under31",31.3,36.1,NA,NA,134,NA,8.137,-0.235076184049569,"NS"
"308",37,2019-09-03,273,"9.2",47,"under31",37.2,37.2,5.361,NA,121,12.184,6.298,0.367624115455975,"NS"
"309",37,2019-09-17,287,"9.5",33,"under31",28.2,35,NA,NA,73,NA,14.765,-3.62654045556592,"S"
"310",37,2019-10-04,304,"10.1",16,"above31",35.3,35.3,0.554,1.41351,92,162.61,28.611,-4.34549199993972,"S"
"311",38,2019-03-01,87,"3.1",146,"under31",30.8,NA,NA,NA,151,9.904,5.768,0.858820891047,"NS"
"312",38,2019-03-22,108,"3.8",125,"under31",30.8,NA,NA,NA,136,7.983,6.584,0.167135910639148,"NS"
"313",38,2019-04-17,134,"4.6",99,"under31",35.3,NA,5.701,NA,164,7.88,7.645,1.65887220270064,"NS"
"314",38,2019-06-05,183,"6.2",50,"under31",36.3,37.6,8.695,NA,145,9.78,8.422,1.65695582726251,"NS"
"315",38,2019-07-04,212,"7.2",21,"above31",37.7,36.3,9.212,NA,155,8.196,6.839,1.67969346489661,"NS"
"316",39,2019-03-01,87,"3.1",377,"under31",22.3,NA,NA,NA,151,15.716,5.555,-0.623638185751576,"NS"
"317",39,2019-03-22,108,"3.8",356,"under31",23,NA,NA,NA,146,8.225,5.956,-0.654932183712197,"NS"
"318",39,2019-04-17,134,"4.6",330,"under31",26.7,NA,2.17,12.72159,147,8.983,7.019,-0.037297498367745,"NS"
"319",39,2019-06-05,183,"6.2",281,"under31",28.9,36.7,2.892,NA,131,9.519,6.942,-0.740553349461148,"NS"
"320",39,2019-07-04,212,"7.2",252,"under31",28.9,37.9,3.788,NA,142,8.879,6.612,0.135425405868039,"NS"
"321",39,2019-07-30,238,"8.0",226,"under31",29.5,37.3,5.55,NA,133,9.266,9.476,0.0687657164562693,"NS"
"322",39,2019-08-14,253,"8.5",211,"under31",27.3,37.4,NA,NA,142,NA,7.077,-0.130100648052774,"NS"
"323",39,2019-09-03,273,"9.2",191,"under31",30.7,37.6,5.259,13.23357,125,9.24,6.304,0.357801383792714,"NS"
"324",39,2019-09-17,287,"9.5",177,"under31",27.7,36.7,NA,NA,156,NA,6.745,0.284332389161744,"NS"
"325",39,2019-10-04,304,"10.1",160,"under31",29.9,38.1,5.984,13.42278,140,8.367,7.179,0.825829582914411,"NS"
"326",39,2019-10-22,322,"10.7",142,"under31",28.5,37.6,NA,NA,151,NA,6.229,0.499163437157639,"NS"
"327",39,2019-10-31,331,"11.0",133,"under31",29.8,37.8,3.587,10.1922975,125,10.428,8.696,-0.274387942851439,"NS"
"328",39,2019-11-18,349,"11.6",115,"under31",26.2,38.1,NA,NA,106,NA,7.302,-1.54391137487929,"S"
"329",39,2019-12-03,364,"12.0",100,"under31",29.5,37.6,NA,NA,114,10.496,7.53,-0.485226968150218,"NS"
"330",39,2019-12-16,377,"12.5",87,"under31",26,38.1,3.02,NA,108,10.02,11.8,-1.05170771340267,"NS"
"331",39,2020-01-08,400,"13.2",64,"under31",27.7,36.6,4.38,NA,118,15.223,7.087,-0.985147230156523,"NS"
"332",39,2020-01-30,422,"14.0",42,"under31",27.3,37.3,5.4,NA,143,24.076,13.66,-0.152659257974795,"NS"
"333",39,2020-02-19,442,"14.5",22,"above31",27.3,36.6,3.42,NA,125,97.586,76.57,-2.69976649864062,"S"
"334",39,2020-03-12,464,"15.2",0,"above31",26.3,NA,NA,NA,44,NA,NA,-6.04201373742498,"S"
"335",40,2019-03-01,87,"3.1",189,"under31",23.7,NA,NA,NA,146,8.429,5.53,-0.537658802862808,"NS"
"336",40,2019-03-22,108,"3.8",168,"under31",27.9,NA,NA,NA,152,11.114,6.027,0.407100287797554,"NS"
"337",40,2019-04-17,134,"4.6",142,"under31",27.3,NA,3.027,12.6297675,154,20.529,7.459,0.208042780815353,"NS"
"338",40,2019-06-05,183,"6.2",93,"under31",29.9,38,6.543,NA,140,10.102,9.16,0.702501681407078,"NS"
"339",40,2019-07-04,212,"7.2",64,"under31",30.4,38.3,7.729,15.63765,154,13.922,451.428,-1.91236403332168,"S"
"340",40,2019-07-30,238,"8.0",38,"under31",31.9,36.9,8.597,19.66671,133,13.716,18.53,1.46528486612535,"NS"
"341",40,2019-08-14,253,"8.5",23,"above31",30.6,37,NA,NA,140,NA,7.015,0.192198168502756,"NS"
"342",40,2019-09-03,273,"9.2",3,"above31",19.5,33.8,NA,NA,84,10.158,17.492,-4.5773225792274,"S"
"343",41,2019-03-01,87,"3.1",277,"under31",24.5,NA,NA,NA,156,7.782,5.708,0.0742844271416973,"NS"
"344",41,2019-03-22,108,"3.8",256,"under31",27.7,NA,NA,NA,149,11.914,4.983,0.230677164299883,"NS"
"345",41,2019-04-17,134,"4.6",230,"under31",30.1,NA,NA,12.070485,157,9.588,7.08,0.887835286604237,"NS"
"346",41,2019-06-05,183,"6.2",181,"under31",30.3,37.7,5.102,NA,144,10.964,6.703,0.454456704693676,"NS"
"347",41,2019-07-04,212,"7.2",152,"under31",31.4,36.5,6.504,16.19415,145,11.144,7.296,0.952065784838569,"NS"
"348",41,2019-07-30,238,"8.0",126,"under31",32.1,37.1,7.763,15.3594,147,10.641,7.242,1.30428197037576,"NS"
"349",41,2019-08-14,253,"8.5",111,"under31",27.1,36.7,NA,NA,135,NA,6.877,-0.661766285027217,"NS"
"350",41,2019-09-03,273,"9.2",91,"under31",31.9,37.1,5.676,9.80553,136,9.857,7.038,0.184386263290585,"NS"
"351",41,2019-09-17,287,"9.5",77,"under31",27.4,36.8,NA,NA,134,NA,6.543,-0.618488717468331,"NS"
"352",41,2019-10-04,304,"10.1",60,"under31",33,37.6,6.322,10.61802,145,9.027,7.167,0.750890246083448,"NS"
"353",41,2019-10-22,322,"10.7",42,"under31",28.8,35.9,NA,NA,124,NA,6.961,-1.08625879436777,"NS"
"354",41,2019-10-31,331,"11.0",33,"under31",33.6,37.6,7.022,13.8985875,141,13.948,7.655,1.13220394931575,"NS"
"355",41,2019-11-18,349,"11.6",15,"above31",29,37.2,NA,NA,83,NA,10.381,-2.34769169512617,"S"
"356",42,2019-03-01,87,"3.1",235,"under31",28.8,NA,NA,NA,138,9.98,9.963,-0.122366352166054,"NS"
"357",42,2019-03-22,108,"3.8",214,"under31",29.6,NA,NA,NA,153,13.178,7.64,0.698726422347992,"NS"
"358",42,2019-04-17,134,"4.6",188,"under31",34.3,NA,NA,19.249335,151,10.089,9.434,2.44918412781374,"NS"
"359",42,2019-06-05,183,"6.2",139,"under31",33.4,37.3,7.693,NA,137,9.528,8.41,0.918096600407361,"NS"
"360",42,2019-07-04,212,"7.2",110,"under31",35,38.4,6.682,13.43391,128,9.641,7.36,1.16835577069837,"NS"
"361",42,2019-07-30,238,"8.0",84,"under31",36.3,37.2,9.77,NA,138,10.016,7.256,1.55789698217087,"NS"
"362",42,2019-08-14,253,"8.5",69,"under31",33.1,36.5,NA,NA,136,NA,6.966,0.274240812605424,"NS"
"363",42,2019-09-03,273,"9.2",49,"under31",36.9,37.3,8.708,NA,133,12.701,8.305,1.27968705174796,"NS"
"364",42,2019-09-17,287,"9.5",35,"under31",37.5,37.2,NA,NA,131,NA,7.925,0.982831265778774,"NS"
"365",42,2019-10-04,304,"10.1",18,"above31",26.9,34.5,0.924,0,85,70.466,52.267,-4.58198429036775,"S"
"366",42,2019-10-22,322,"10.7",0,"above31",22,35.2,NA,NA,20,NA,NA,-7.17349995831121,"S"
"367",43,2019-03-01,87,"3.1",136,"under31",32.8,NA,NA,NA,156,11.525,8.353,1.38694132948068,"NS"
"368",43,2019-03-22,108,"3.8",115,"under31",33.8,NA,NA,NA,174,13.19,6.753,2.39600976754074,"NS"
"369",43,2019-04-17,134,"4.6",89,"under31",36.4,NA,5.8,11.469465,149,26.741,7.781,0.860580754683673,"NS"
"370",43,2019-06-05,183,"6.2",40,"under31",36.8,37.5,9.839,NA,148,14.014,7.548,1.901810091131,"NS"
"371",43,2019-07-04,212,"7.2",11,"above31",31.6,34.5,2.331,7.31241,102,10.012,9.907,-1.92442600566948,"S"
"372",44,2019-03-01,87,"3.1",225,"under31",32.2,NA,NA,NA,167,8.944,6.863,1.85046652674266,"NS"
"373",44,2019-03-22,108,"3.8",204,"under31",33.9,NA,NA,NA,156,10.616,6.712,1.59407607984619,"NS"
"374",44,2019-04-17,134,"4.6",178,"under31",37.2,NA,7.303,10.701495,166,20.019,7.507,1.5158849812734,"NS"
"375",44,2019-06-05,183,"6.2",129,"under31",36.5,36.5,10.286,16.14963,131,10.896,13.974,1.60840234169504,"NS"
"376",44,2019-07-04,212,"7.2",100,"under31",41,37.3,14.03,19.7001,144,11.968,9.244,3.36532684432747,"NS"
"377",44,2019-07-30,238,"8.0",74,"under31",42.2,36.8,14.82,NA,136,12.256,7.843,2.81174158485148,"NS"
"378",44,2019-08-14,253,"8.5",59,"under31",37.8,36.8,NA,NA,133,NA,8.155,0.983195329189087,"NS"
"379",44,2019-09-03,273,"9.2",39,"under31",41.2,36.8,10.817,10.69593,131,15.367,9.702,1.50959044247424,"NS"
"380",44,2019-09-17,287,"9.5",25,"above31",37.5,36.9,NA,NA,130,NA,8.527,0.840524741180602,"NS"
"381",44,2019-10-04,304,"10.1",8,"above31",30.9,34.2,NA,0,47,49.683,67.28,-4.70187912747114,"S"
"382",45,2019-03-01,87,"3.1",377,"under31",25.2,NA,NA,NA,162,10.107,5.987,0.443397115383342,"NS"
"383",45,2019-03-22,108,"3.8",356,"under31",23.7,NA,NA,NA,150,7.903,6.527,-0.350216641135851,"NS"
"384",45,2019-04-17,134,"4.6",330,"under31",27.1,NA,NA,12.938625,146,11.565,9.164,0.335173029968452,"NS"
"385",45,2019-06-05,183,"6.2",281,"under31",29.9,36.3,3.502,10.86288,144,9.521,34.343,-0.46461709877125,"NS"
"386",45,2019-07-04,212,"7.2",252,"under31",30.9,38.2,4.076,NA,142,10.209,6.779,0.4535775522855,"NS"
"387",45,2019-07-30,238,"8.0",226,"under31",30.6,37.6,7.22,NA,125,10.546,6.903,0.404220336169067,"NS"
"388",45,2019-08-14,253,"8.5",211,"under31",28.8,37.1,NA,NA,142,NA,7.486,0.0103770452800368,"NS"
"389",45,2019-09-03,273,"9.2",191,"under31",31.4,36.9,4.993,9.24903,164,9.219,6.766,0.427944241335631,"NS"
"390",45,2019-09-17,287,"9.5",177,"under31",26,36.1,NA,NA,134,NA,6.945,-1.06708134140198,"NS"
"391",45,2019-10-04,304,"10.1",160,"under31",30.8,36.4,7.053,15.94929,138,8.723,7.034,0.843903650933526,"NS"
"392",45,2019-10-22,322,"10.7",142,"under31",29.7,36.8,NA,NA,152,NA,6.434,0.477956519362273,"NS"
"393",45,2019-10-31,331,"11.0",133,"under31",32.5,37.7,5.561,10.77384,138,31.827,8.012,0.262376717567292,"NS"
"394",45,2019-11-18,349,"11.6",115,"under31",29.5,38,NA,NA,132,NA,7.264,0.00337908228118477,"NS"
"395",45,2019-12-03,364,"12.0",100,"under31",31.5,38.2,NA,NA,127,17.963,10.951,0.317631232842928,"NS"
"396",45,2019-12-16,377,"12.5",87,"under31",28.5,37.9,3.55,NA,116,13.185,6.997,-0.623405798789049,"NS"
"397",45,2020-01-08,400,"13.2",64,"under31",24.3,34.5,1.19,NA,119,10.745,9.817,-2.58370196425899,"S"
"398",45,2020-01-30,422,"14.0",42,"under31",22.2,34.2,1.42,NA,82,110.444,60.291,-5.47012288939241,"S"
"399",45,2020-02-19,442,"14.5",22,"above31",23.1,35.5,1.43,NA,80,100.469,103.501,-5.14848569537242,"S"
"400",46,2019-03-01,87,"3.1",213,"under31",29.5,NA,NA,NA,186,9.259,18.161,2.20496010508944,"NS"
"401",46,2019-03-22,108,"3.8",192,"under31",30.8,NA,NA,NA,133,10.436,6.535,-0.00426517269466247,"NS"
"402",46,2019-04-17,134,"4.6",166,"under31",30.5,NA,NA,11.6865,144,9.194,7.182,0.507865388618812,"NS"
"403",46,2019-06-05,183,"6.2",117,"under31",33.6,37.1,5.832,12.4656,149,10.58,9.46,0.825165667458919,"NS"
"404",46,2019-07-04,212,"7.2",88,"under31",34.1,37.9,6.191,12.51012,145,9.059,6.493,1.10377691170825,"NS"
"405",46,2019-07-30,238,"8.0",62,"under31",33.9,36.3,9.952,18.23094,121,11.01,6.726,1.41897748099266,"NS"
"406",46,2019-08-14,253,"8.5",47,"under31",33.2,36.6,NA,NA,121,NA,8.423,-0.303418451187601,"NS"
"407",46,2019-09-03,273,"9.2",27,"above31",34.6,36.3,1.893,1.38012,116,9.256,6.178,-1.65552601595934,"S"
"408",46,2019-09-17,287,"9.5",13,"above31",27.7,35.1,NA,NA,83,NA,9.319,-3.20017651777551,"S"
"409",47,2019-03-01,87,"3.1",209,"under31",31.6,NA,NA,NA,156,9.883,5.757,1.22837885353977,"NS"
"410",47,2019-03-22,108,"3.8",188,"under31",35.4,NA,NA,NA,137,9.576,6.759,0.958117303897613,"NS"
"411",47,2019-04-17,134,"4.6",162,"under31",38.8,NA,5.858,11.71989,161,8.702,7.491,1.50166536999171,"NS"
"412",47,2019-06-05,183,"6.2",113,"under31",36.6,37.3,7.454,12.65481,143,9.346,24.261,1.16082997219405,"NS"
"413",47,2019-07-04,212,"7.2",84,"under31",39.5,37.9,7.168,11.56407,151,10.731,7.927,1.62760609398647,"NS"
"414",47,2019-07-30,238,"8.0",58,"under31",38.6,37.1,11.8,NA,147,12.701,7.154,2.28730477013731,"NS"
"415",47,2019-08-14,253,"8.5",43,"under31",39.4,36.7,NA,NA,138,NA,6.777,1.42766103276283,"NS"
"416",47,2019-09-03,273,"9.2",23,"above31",39.4,37.2,9.798,15.97155,137,10.903,9.197,2.05905056030662,"NS"
"417",47,2019-09-17,287,"9.5",9,"above31",35.2,37,NA,NA,131,NA,6.615,0.569391929000837,"NS"
"418",48,2019-03-01,87,"3.1",119,"under31",23.4,NA,NA,NA,144,28.101,5.636,-0.923906451355619,"NS"
"419",48,2019-03-22,108,"3.8",98,"under31",25.3,NA,NA,NA,131,9.515,6.65,-1.00265578600211,"NS"
"420",48,2019-04-17,134,"4.6",72,"under31",29.9,NA,4.73,NA,153,8.281,7.575,0.597267685996254,"NS"
"421",48,2019-06-05,183,"6.2",23,"above31",30.6,35,0.932,4.35183,131,9.648,13.056,-1.9167870433338,"S"
"422",49,2019-03-01,87,"3.1",166,"under31",26.1,NA,NA,NA,162,14.518,7.515,0.526717192494973,"NS"
"423",49,2019-03-22,108,"3.8",145,"under31",29.5,NA,NA,NA,148,9.612,5.541,0.506381187547965,"NS"
"424",49,2019-04-17,134,"4.6",119,"under31",32.2,NA,6.02,NA,148,8.716,6.856,0.852894787608885,"NS"
"425",49,2019-06-05,183,"6.2",70,"under31",32.7,35.2,5.562,12.9108,163,12.484,8.727,0.492572536478657,"NS"
"426",49,2019-07-04,212,"7.2",41,"under31",33,38.6,6.78,11.40825,153,10.561,7.83,1.28882404754092,"NS"
"427",49,2019-07-30,238,"8.0",15,"above31",34.5,36.7,5.384,3.5643825,136,11.17,7.165,-0.467602246391681,"NS"
"428",49,2019-08-14,253,"8.5",0,"above31",27.9,NA,NA,NA,NA,NA,NA,-0.90120246788944,"NS"
"429",50,2019-03-01,87,"3.1",109,"under31",30,NA,NA,NA,180,12.132,6.952,2.05918145969643,"NS"
"430",50,2019-03-22,108,"3.8",88,"under31",30.3,NA,NA,NA,163,10.076,8.961,1.31497206746081,"NS"
"431",50,2019-04-17,134,"4.6",62,"under31",30.2,NA,NA,12.38769,133,7.885,8.873,0.282384978050382,"NS"
"432",50,2019-06-05,183,"6.2",13,"above31",25.2,NA,1.946,5.19771,114,12.42,41.68,-2.46582719948861,"S"
