"","mice","date_expe","AGE","AGE_MONTHS","REMAINTIME","PRED","BW","BT","FAT","FINKCALs","GLY","P5","Dim.1","STATUS"
"1",1,2021-07-23,659,"21.6",346,"under60",33.6,37.4,8.74,13.63425,190,44.355,2.351258584512,"NS"
"2",1,2021-08-27,694,"22.8",311,"under60",35.26,37.1,10.66,12.08718,204,109.511,2.86871740317191,"NS"
"3",1,2021-09-21,719,"23.6",286,"under60",36.45,36.8,12.436,13.973715,177,69.415,2.84568129981653,"NS"
"4",1,2021-10-12,740,"24.3",265,"under60",35.76,35.9,11.387,11.669805,189,53.64,2.07702868815566,"NS"
"5",1,2021-11-03,762,"25.0",243,"under60",35.74,38.1,10.756,12.88854,203,45.773,3.24113306007116,"NS"
"6",1,2021-11-23,782,"25.6",223,"under60",35.61,36.9,10.581,13.439475,194,37.101,2.65722034222602,"NS"
"7",1,2021-12-14,803,"26.3",202,"under60",34.68,37.2,9.204,13.840155,172,37.625,2.13989328300824,"NS"
"8",1,2022-01-04,824,"27.0",181,"under60",35.33,36.1,10.574,13.305915,182,45.68,2.11171460382302,"NS"
"9",1,2022-02-01,852,"27.9",153,"under60",34.44,37,8.623,9.966915,170,48.601,1.30424251509909,"NS"
"10",1,2022-02-15,866,"28.4",139,"under60",32.54,36.8,6.185,14.42448,172,22.774,1.38788206771712,"NS"
"11",1,2022-03-08,887,"29.1",118,"under60",31.75,36.8,4.767,19.3662,156,37.13,1.67218256982356,"NS"
"12",1,2022-03-29,908,"29.8",97,"under60",30.76,37,1.129,17.19585,135,29.815,0.347367971825502,"NS"
"13",1,2022-04-22,932,"30.6",73,"under60",32.54,36.5,0.57,18.33111,120,57.398,0.250411858644354,"NS"
"14",1,2022-05-12,952,"31.2",53,"above60",35.8,37.2,0,22.989015,101,58.022,1.18767831240273,"NS"
"15",1,2022-06-03,974,"31.9",31,"above60",38.2,35.6,0,16.89534,125,36.741,0.194520519680817,"NS"
"16",1,2022-06-20,991,"32.5",14,"above60",42.28,36.1,0,16.978815,93,40.747,0.232488870613254,"NS"
"17",2,2021-07-23,659,"21.6",304,"under60",31.89,37.5,7.287,12.75498,149,28.681,1.06348770391489,"NS"
"18",2,2021-08-27,694,"22.8",269,"under60",31.88,37.7,7.152,12.28752,192,56.41,1.90299823053632,"NS"
"19",2,2021-09-21,719,"23.6",244,"under60",34.32,37.3,8.73,9.61632,173,114.564,1.60137045408207,"NS"
"20",2,2021-10-12,740,"24.3",223,"under60",34.22,37,9.078,9.332505,182,49.745,1.46555275535041,"NS"
"21",2,2021-11-03,762,"25.0",201,"under60",34.78,37.7,9.415,10.91853,183,38.797,2.0848326469013,"NS"
"22",2,2021-11-23,782,"25.6",181,"under60",33.52,37.2,9.195,11.536245,172,43.091,1.65297434335524,"NS"
"23",2,2021-12-14,803,"26.3",160,"under60",33.42,37.1,8.852,11.08548,178,42.897,1.58917310755224,"NS"
"24",2,2022-01-04,824,"27.0",139,"under60",34.3,37.4,9.368,10.017,176,43.006,1.65113578196128,"NS"
"25",2,2022-02-01,852,"27.9",111,"under60",32.52,37.4,7.629,10.234035,162,43.553,0.998696638298086,"NS"
"26",2,2022-02-15,866,"28.4",97,"under60",32.24,36.5,7.231,11.15226,162,25.112,0.677308101297666,"NS"
"27",2,2022-03-08,887,"29.1",76,"under60",31.83,37.1,6.536,9.08208,155,43.938,0.337920968612391,"NS"
"28",2,2022-03-29,908,"29.8",55,"above60",30.19,36.7,3.185,12.95532,145,33.878,-0.0333664366956155,"NS"
"29",2,2022-04-22,932,"30.6",31,"above60",29.62,37.2,1.02,11.235735,109,40.937,-1.14635459072221,"NS"
"30",2,2022-05-12,952,"31.2",11,"above60",32.9,37.5,0,7.629615,93,86.137,-1.62049055747811,"NS"
"31",3,2021-07-23,659,"21.6",157,"under60",26.21,37.6,3.487,10.06152,182,17.572,0.0942316681032968,"NS"
"32",3,2021-08-27,694,"22.8",122,"under60",25.82,37.5,2.913,12.52125,175,32.622,0.257845435693665,"NS"
"33",3,2021-09-21,719,"23.6",97,"under60",26.31,37.1,2.418,12.75498,145,35.931,-0.41478459573201,"NS"
"34",3,2021-10-12,740,"24.3",76,"under60",28.31,37,1.599,9.566235,180,27.107,-0.287781477440276,"NS"
"35",3,2021-11-03,762,"25.0",54,"above60",30.89,37.4,0.105,10.71819,149,96.045,-0.278737683146995,"NS"
"36",3,2021-11-23,782,"25.6",34,"above60",32.99,36.7,0.105,8.898435,136,38.849,-1.03022069137472,"NS"
"37",3,2021-12-14,803,"26.3",13,"above60",32.86,36.2,0,10.000305,65,49.348,-2.32969485146026,"S"
"38",4,2021-07-23,659,"21.6",228,"under60",37.54,36.8,11.542,11.94249,135,86.828,1.76698531212702,"NS"
"39",4,2021-08-27,694,"22.8",193,"under60",41.9,36.8,15.795,14.68047,157,55.837,3.60146361107988,"NS"
"40",4,2021-09-21,719,"23.6",168,"under60",44.78,36.9,19.233,12.6882,148,98.115,4.05514500605402,"NS"
"41",4,2021-10-12,740,"24.3",147,"under60",45.08,36.8,17.83,10.65141,163,54.258,3.653608669323,"NS"
"42",4,2021-11-03,762,"25.0",125,"under60",41.73,37,14.525,12.05379,139,44.119,2.67298004406723,"NS"
"43",4,2021-11-23,782,"25.6",105,"under60",41.08,36.9,15.407,11.569635,145,52.624,2.75235380405351,"NS"
"44",4,2021-12-14,803,"26.3",84,"under60",42.1,37.4,15.74,13.806765,156,46.189,3.64661786214952,"NS"
"45",4,2022-01-04,824,"27.0",63,"under60",42.56,37,15.492,10.601325,145,33.36,2.73568353701543,"NS"
"46",4,2022-02-01,852,"27.9",35,"above60",38.32,36.1,10.959,11.51955,140,41.643,1.39258996401996,"NS"
"47",4,2022-02-15,866,"28.4",21,"above60",37.21,36.3,8.835,4.79703,151,43.913,0.13043799971929,"NS"
"48",4,2022-03-08,887,"29.1",0,"above60",33.73,37,4.764,NA,NA,NA,0.751707957403404,"NS"
"49",5,2021-07-23,659,"21.6",131,"under60",24.42,36.6,2.795,8.39202,161,31.553,-1.1838985311748,"NS"
"50",5,2021-08-27,694,"22.8",96,"under60",22.91,36.8,2.547,10.3509,175,40.909,-0.68892100545388,"NS"
"51",5,2021-09-21,719,"23.6",71,"under60",24.3,37.3,3.781,9.21564,162,47.439,-0.589697190719576,"NS"
"52",5,2021-10-12,740,"24.3",50,"above60",22.53,37.1,2.275,9.24903,175,32.068,-0.863558135613804,"NS"
"53",5,2021-11-03,762,"25.0",28,"above60",18.72,37.1,1.043,8.397585,114,26.682,-2.69965753742682,"S"
"54",5,2021-11-23,782,"25.6",8,"above60",17.72,36.1,0.629,6.77817,123,37.929,-3.30858460346618,"S"
"55",6,2021-07-23,659,"21.6",144,"under60",24.47,36.6,1.692,9.87231,132,23.37,-1.64674874710497,"NS"
"56",6,2021-08-27,694,"22.8",109,"under60",27.64,37.1,2.682,13.51182,176,30.674,0.435769026472663,"NS"
"57",6,2021-09-21,719,"23.6",84,"under60",28.28,37.4,2.555,13.95702,153,37.648,0.267144502010782,"NS"
"58",6,2021-10-12,740,"24.3",63,"under60",28.78,37.2,2.336,13.539645,161,34.145,0.277423002949563,"NS"
"59",6,2021-11-03,762,"25.0",41,"above60",29.1,37.3,1.256,14.09058,144,39.556,-0.0150468834631993,"NS"
"60",6,2021-11-23,782,"25.6",21,"above60",27.47,35.9,0.861,14.15736,167,60.462,-0.26994770913394,"NS"
"61",6,2021-12-14,803,"26.3",0,"above60",20.9,28.8,0.703,NA,NA,NA,-7.56631657942667,"S"
"62",7,2021-07-23,659,"21.6",405,"under60",28.93,37.2,3.965,10.17282,143,26.625,-0.379883412459433,"NS"
"63",7,2021-08-27,694,"22.8",370,"under60",29.43,37.2,4.669,11.55294,181,53.308,0.773110256920054,"NS"
"64",7,2021-09-21,719,"23.6",345,"under60",32.12,37.7,6.316,10.501155,196,77.955,1.64022121571776,"NS"
"65",7,2021-10-12,740,"24.3",324,"under60",30.97,37.3,5.802,10.734885,185,39.804,1.03053327610757,"NS"
"66",7,2021-11-03,762,"25.0",302,"under60",30.5,37.6,5.707,9.432675,183,42.839,0.83617507401346,"NS"
"67",7,2021-11-23,782,"25.6",282,"under60",30.88,36.5,5.578,10.734885,192,69.158,0.900081010520492,"NS"
"68",7,2021-12-14,803,"26.3",261,"under60",31.9,38,6.05,7.31241,156,68.866,0.402992143864977,"NS"
"69",7,2022-01-04,824,"27.0",240,"under60",32.11,36.4,6.717,10.835055,178,40.706,0.834704252629095,"NS"
"70",7,2022-02-01,852,"27.9",212,"under60",30.82,37.2,5.201,10.58463,164,41.522,0.485939989204907,"NS"
"71",7,2022-02-15,866,"28.4",198,"under60",29.03,37.7,4.37,10.5735,171,17.175,0.428298873664645,"NS"
"72",7,2022-03-08,887,"29.1",177,"under60",30.44,37.8,4.459,11.82006,148,42.894,0.480400772303883,"NS"
"73",7,2022-03-29,908,"29.8",156,"under60",29.58,36.7,3.238,10.634715,166,42.234,-0.0667474564215606,"NS"
"74",7,2022-04-22,932,"30.6",132,"under60",30.34,36.5,3.85,8.464365,150,45.238,-0.62096306220928,"NS"
"75",7,2022-05-12,952,"31.2",112,"under60",29.12,37.4,2.752,9.799965,147,41.78,-0.410548409476652,"NS"
"76",7,2022-06-03,974,"31.9",90,"under60",29.08,36.1,2.223,9.599625,144,28.864,-1.10221562277912,"NS"
"77",7,2022-06-20,991,"32.5",73,"under60",30.77,36.7,2.851,10.167255,134,33.168,-0.69183198265511,"NS"
"78",7,2022-07-07,1008,"33.0",56,"above60",30.97,36.2,1.66,10.434375,148,49.436,-0.687160470130228,"NS"
"79",7,2022-07-25,1026,"33.6",38,"above60",32.3,36.8,1.191,12.89967,127,57.154,-0.348976033179389,"NS"
"80",7,2022-08-16,1048,"34.4",16,"above60",33.1,35.9,0,7.21224,136,24.071,-1.65597455598661,"NS"
"81",8,2021-07-23,659,"21.6",227,"under60",26.7,37.3,3.242,12.58803,138,25.449,-0.36509453817975,"NS"
"82",8,2021-08-27,694,"22.8",192,"under60",27.45,36.7,2.646,11.7978,182,35.944,0.100593518912344,"NS"
"83",8,2021-09-21,719,"23.6",167,"under60",29.55,37.3,4.461,10.08378,176,51.93,0.451837261086442,"NS"
"84",8,2021-10-12,740,"24.3",146,"under60",28.78,36.7,3.751,13.305915,154,44.846,0.16139251568638,"NS"
"85",8,2021-11-03,762,"25.0",124,"under60",29.26,37.2,3.735,14.3577,165,44.566,0.769720818588843,"NS"
"86",8,2021-11-23,782,"25.6",104,"under60",29.04,36,3.688,12.738285,105,69.939,-1.00275440594492,"NS"
"87",8,2021-12-14,803,"26.3",83,"under60",28.5,37.1,2.964,13.005405,181,54.72,0.63813261459272,"NS"
"88",8,2022-01-04,824,"27.0",62,"under60",28.78,36.2,2.753,13.15566,157,54.7,-0.114354783676081,"NS"
"89",8,2022-02-01,852,"27.9",34,"above60",28.26,36,2.272,11.135565,146,51.046,-0.860056631711343,"NS"
"90",8,2022-02-15,866,"28.4",20,"above60",29.15,36.7,0.8,10.38429,139,39.192,-1.0113708397338,"NS"
"91",9,2021-07-23,659,"21.6",143,"under60",39.8,37.2,12.515,12.85515,159,47.659,2.76750257805189,"NS"
"92",9,2021-08-27,694,"22.8",108,"under60",40.21,37.2,13.268,13.32261,179,35.231,3.32778433873513,"NS"
"93",9,2021-09-21,719,"23.6",83,"under60",43.05,36.8,15.951,13.005405,166,54.744,3.6222395336584,"NS"
"94",9,2021-10-12,740,"24.3",62,"under60",42.91,37,15.715,11.92023,149,44.942,3.12913769293095,"NS"
"95",9,2021-11-03,762,"25.0",40,"above60",42.48,37.4,15.286,15.309315,160,55.309,3.96748696245591,"NS"
"96",9,2021-11-23,782,"25.6",20,"above60",45.37,37.2,10.506,9.24903,143,49.129,2.14408637204596,"NS"
"97",10,2021-07-23,659,"21.6",360,"under60",26.08,37.4,3,9.2379,148,29.856,-0.789152662547263,"NS"
"98",10,2021-08-27,694,"22.8",325,"under60",25.81,37.3,3.488,9.86118,181,45.777,-0.030482448825165,"NS"
"99",10,2021-09-21,719,"23.6",300,"under60",25.08,37.7,2.649,12.0204,178,48.453,0.235045040075783,"NS"
"100",10,2021-10-12,740,"24.3",279,"under60",25.25,37.2,3.022,9.71649,165,25.792,-0.565157402187777,"NS"
"101",10,2021-11-03,762,"25.0",257,"under60",25.74,37.2,3.472,9.733185,150,29.604,-0.710424882847064,"NS"
"102",10,2021-11-23,782,"25.6",237,"under60",25.24,35.6,3.492,11.769975,171,16.258,-0.669563317271916,"NS"
"103",10,2021-12-14,803,"26.3",216,"under60",26.32,37.7,3.7,10.95192,162,28.247,-0.013145284391216,"NS"
"104",10,2022-01-04,824,"27.0",195,"under60",25.53,37.6,3.056,11.61972,133,24.146,-0.65460257292802,"NS"
"105",10,2022-02-01,852,"27.9",167,"under60",25.4,37.4,2.949,11.98701,161,20.926,-0.194234681940204,"NS"
"106",10,2022-02-15,866,"28.4",153,"under60",25.22,37,2.803,10.85175,172,16.486,-0.383921530208997,"NS"
"107",10,2022-03-08,887,"29.1",132,"under60",25.65,36.7,3.667,8.998605,161,27.446,-0.805165591898346,"NS"
"108",10,2022-03-29,908,"29.8",111,"under60",25.55,36.9,3.049,12.42108,159,18.579,-0.321976649906985,"NS"
"109",10,2022-04-22,932,"30.6",87,"under60",25.21,36.8,2.738,10.05039,163,31.009,-0.726488576570631,"NS"
"110",10,2022-05-12,952,"31.2",67,"under60",25.1,37.2,2.491,12.18735,142,30.23,-0.654014366287956,"NS"
"111",10,2022-06-03,974,"31.9",45,"above60",25.15,36.7,1.895,12.55464,141,21.618,-0.904370419467689,"NS"
"112",10,2022-06-20,991,"32.5",28,"above60",23.66,36.5,1.521,13.639815,148,27.825,-0.857695220698802,"NS"
"113",10,2022-07-07,1008,"33.0",11,"above60",22.31,36.2,0.404,10.48446,105,52.423,-2.51237612917526,"S"
"114",11,2021-07-23,659,"21.6",248,"under60",25.51,36.9,2.625,9.77214,131,23.562,-1.32754496000762,"NS"
"115",11,2021-08-27,694,"22.8",213,"under60",25.57,37.4,2.727,13.05549,171,89.27,0.342975970597785,"NS"
"116",11,2021-09-21,719,"23.6",188,"under60",26.2,37.3,2.626,14.441175,180,37.278,0.603848797881979,"NS"
"117",11,2021-10-12,740,"24.3",167,"under60",25.86,37.3,3.201,13.105575,159,46.68,0.073921765122475,"NS"
"118",11,2021-11-03,762,"25.0",145,"under60",26.38,38.3,2.502,17.245935,169,23.266,1.20462042744261,"NS"
"119",11,2021-11-23,782,"25.6",125,"under60",26.63,37.1,3.561,11.88684,143,33.858,-0.401997389120718,"NS"
"120",11,2021-12-14,803,"26.3",104,"under60",25.99,37.2,3.267,12.22074,142,20.354,-0.472708746113919,"NS"
"121",11,2022-01-04,824,"27.0",83,"under60",25.9,37.1,1.756,11.85345,164,21.429,-0.39699885315598,"NS"
"122",11,2022-02-01,852,"27.9",55,"above60",28.16,37.1,1.69,10.534545,128,43.703,-0.994375207905985,"NS"
"123",11,2022-02-15,866,"28.4",41,"above60",29.49,37.7,0.196,11.86458,124,25.673,-0.757450831598113,"NS"
"124",11,2022-03-08,887,"29.1",20,"above60",30.49,38,0,10.017,96,60.59,-1.29519328777767,"NS"
"125",12,2021-07-23,659,"21.6",453,"under60",25.87,36.3,2.796,9.10434,137,20.851,-1.49963306001424,"NS"
"126",12,2021-08-27,694,"22.8",418,"under60",25.86,36.8,2.912,8.73705,187,45.904,-0.374140268873535,"NS"
"127",12,2021-09-21,719,"23.6",393,"under60",25.85,36.7,3.585,12.58803,185,29.77,0.246503105286592,"NS"
"128",12,2021-10-12,740,"24.3",372,"under60",25.2,36.8,2.849,10.868445,178,35.017,-0.289467450447411,"NS"
"129",12,2021-11-03,762,"25.0",350,"under60",25.65,37.4,3.096,12.3543,174,37.52,0.197858283927285,"NS"
"130",12,2021-11-23,782,"25.6",330,"under60",26.03,36.2,3.106,12.72159,173,59.803,-0.105137187291853,"NS"
"131",12,2021-12-14,803,"26.3",309,"under60",26.36,37,3.858,11.669805,171,27.833,0.0355953709161209,"NS"
"132",12,2022-01-04,824,"27.0",288,"under60",25.95,36.8,3.344,11.61972,164,23.934,-0.302998082790985,"NS"
"133",12,2022-02-01,852,"27.9",260,"under60",25.85,36.5,3.11,9.28242,153,31.113,-1.03001904950318,"NS"
"134",12,2022-02-15,866,"28.4",246,"under60",25.33,36.1,2.913,11.73102,165,16.599,-0.67386301170127,"NS"
"135",12,2022-03-08,887,"29.1",225,"under60",25.26,37.8,2.845,8.84835,166,47.095,-0.432706614666353,"NS"
"136",12,2022-03-29,908,"29.8",204,"under60",24.61,36.7,1.554,10.98531,145,18.224,-1.20685778241658,"NS"
"137",12,2022-04-22,932,"30.6",180,"under60",20.78,36.6,1.854,10.567935,156,28.63,-1.42520983018372,"NS"
"138",12,2022-05-12,952,"31.2",160,"under60",24.77,36.5,2.063,9.599625,150,20.352,-1.32448320209911,"NS"
"139",12,2022-06-03,974,"31.9",138,"under60",24.34,36.6,1.947,11.18565,132,25.879,-1.396409662113,"NS"
"140",12,2022-06-20,991,"32.5",121,"under60",25,35.7,2.276,10.6848,169,17.857,-1.0477615251015,"NS"
"141",12,2022-07-07,1008,"33.0",104,"under60",26.29,35.9,3.185,13.105575,160,30.785,-0.434378977955999,"NS"
"142",12,2022-07-25,1026,"33.6",86,"under60",25.03,37.6,2.789,10.36203,163,24.503,-0.404614076722267,"NS"
"143",12,2022-08-16,1048,"34.4",64,"under60",25,36.8,2.174,10.00587,164,19.911,-0.850663584594718,"NS"
"144",12,2022-09-05,1068,"35.0",44,"above60",25.66,35.9,2.376,12.55464,156,17.323,-0.819220737791255,"NS"
"145",12,2022-09-23,1086,"35.6",26,"above60",23.64,35,1.144,5.826555,98,29.115,-3.68807090096053,"S"
"146",12,2022-10-18,1111,"36.4",1,"above60",23.72,34.2,0.858,7.095375,NA,NA,-3.52111367371796,"S"
"147",13,2021-07-23,659,"21.6",227,"under60",32.35,37.2,7.54,9.966915,160,19.349,0.744818551873211,"NS"
"148",13,2021-08-27,694,"22.8",192,"under60",33.63,36.9,8.354,11.95362,180,27.762,1.60138272357032,"NS"
"149",13,2021-09-21,719,"23.6",167,"under60",33.52,36.9,8.323,11.38599,176,34.854,1.4379233702514,"NS"
"150",13,2021-10-12,740,"24.3",146,"under60",32.58,37.1,7.997,24.74199,188,45.076,3.84502412305593,"NS"
"151",13,2021-11-03,762,"25.0",124,"under60",33.88,37.7,8.976,13.706595,167,33.079,2.08626181367585,"NS"
"152",13,2021-11-23,782,"25.6",104,"under60",30.5,37.1,6.373,16.81743,149,73.137,1.44213917887316,"NS"
"153",13,2021-12-14,803,"26.3",83,"under60",31.9,37.3,6.075,12.6882,155,25.786,0.9023710606823,"NS"
"154",13,2022-01-04,824,"27.0",62,"under60",32.46,37,5.256,10.78497,152,46.64,0.412915701390379,"NS"
"155",13,2022-02-01,852,"27.9",34,"above60",30.2,37.7,1.651,16.46127,125,52.419,0.387237144133015,"NS"
"156",13,2022-02-15,866,"28.4",20,"above60",30.38,37.3,0,12.62142,120,27.255,-0.788462444785289,"NS"
"157",14,2021-07-23,659,"21.6",431,"under60",25.63,37,1.841,9.95022,129,31.549,-1.37756808522309,"NS"
"158",14,2021-08-27,694,"22.8",396,"under60",26.71,37,2.646,12.437775,178,67.253,0.259607382655766,"NS"
"159",14,2021-09-21,719,"23.6",371,"under60",26.16,36.5,2.541,9.91683,170,39.722,-0.641698361087708,"NS"
"160",14,2021-10-12,740,"24.3",350,"under60",26.44,36.4,2.924,9.37146,168,31.36,-0.745613678603903,"NS"
"161",14,2021-11-03,762,"25.0",328,"under60",26.51,37.5,2.76,11.135565,163,29.603,-0.153919179830698,"NS"
"162",14,2021-11-23,782,"25.6",308,"under60",26.96,36.7,3.666,9.54954,176,63.862,-0.205269565798762,"NS"
"163",14,2021-12-14,803,"26.3",287,"under60",27.47,37.8,3.713,12.72159,153,22.304,0.255830607027042,"NS"
"164",14,2022-01-04,824,"27.0",266,"under60",27.03,37.2,3.22,10.08378,167,30.339,-0.246344222471855,"NS"
"165",14,2022-02-01,852,"27.9",238,"under60",26.84,36.8,3.083,11.0187,147,31.487,-0.641339701141264,"NS"
"166",14,2022-02-15,866,"28.4",224,"under60",27.61,36.7,3.848,11.39712,154,34.72,-0.288855529615656,"NS"
"167",14,2022-03-08,887,"29.1",203,"under60",27.11,36.8,3.923,10.734885,145,51.441,-0.518801551372391,"NS"
"168",14,2022-03-29,908,"29.8",182,"under60",27.02,36.2,2.723,11.71989,144,31.846,-0.83703734937248,"NS"
"169",14,2022-04-22,932,"30.6",158,"under60",26.12,36.7,2.174,13.005405,140,49.528,-0.630573957927151,"NS"
"170",14,2022-05-12,952,"31.2",138,"under60",26.24,36.7,2.88,9.38259,139,42.161,-1.15791347750525,"NS"
"171",14,2022-06-03,974,"31.9",116,"under60",26.63,36.7,2.949,11.31921,152,33.505,-0.572358671851096,"NS"
"172",14,2022-06-20,991,"32.5",99,"under60",26.31,37,3.19,10.55124,165,42.121,-0.32348593878745,"NS"
"173",14,2022-07-07,1008,"33.0",82,"under60",24.6,35.9,1.924,10.801665,145,41.885,-1.41662224655132,"NS"
"174",14,2022-07-25,1026,"33.6",64,"under60",26.16,36.5,2.862,13.11114,141,36.752,-0.600265622892492,"NS"
"175",14,2022-08-16,1048,"34.4",42,"above60",26.86,36.8,3.005,15.07002,159,37.448,0.260732075866669,"NS"
"176",14,2022-09-05,1068,"35.0",22,"above60",22.84,35.9,1.573,12.94419,120,45.325,-1.73526875613853,"NS"
"177",14,2022-09-23,1086,"35.6",4,"above60",22.46,34.4,0.702,NA,113,79.247,-3.17073653655944,"S"
"178",15,2021-07-23,659,"21.6",328,"under60",28.15,37.6,3.926,14.25753,162,23.21,0.703937611233798,"NS"
"179",15,2021-08-27,694,"22.8",293,"under60",28.15,37.1,4.364,14.374395,157,37.866,0.550680290301963,"NS"
"180",15,2021-09-21,719,"23.6",268,"under60",29.52,37,5.843,15.38166,162,62.239,1.19594425959967,"NS"
"181",15,2021-10-12,740,"24.3",247,"under60",29.83,37.8,6.509,15.51522,149,52.765,1.3818029888488,"NS"
"182",15,2021-11-03,762,"25.0",225,"under60",29.02,37.3,5.749,14.741685,159,41.829,1.02506844887713,"NS"
"183",15,2021-11-23,782,"25.6",205,"under60",30.34,36.8,6.896,13.34487,168,44.605,1.07883581191021,"NS"
"184",15,2021-12-14,803,"26.3",184,"under60",30.15,37.3,6.88,12.304215,156,77.458,0.943509729124897,"NS"
"185",15,2022-01-04,824,"27.0",163,"under60",29.68,37,6.66,12.15396,141,62.498,0.410728137462902,"NS"
"186",15,2022-02-01,852,"27.9",135,"under60",30.96,37.1,6.262,12.037095,142,43.865,0.465072846626446,"NS"
"187",15,2022-02-15,866,"28.4",121,"under60",29.06,37,4.989,10.25073,165,44.374,0.173533018267694,"NS"
"188",15,2022-03-08,887,"29.1",100,"under60",29.28,36.3,5.231,12.404385,138,43.54,-0.166905236722025,"NS"
"189",15,2022-03-29,908,"29.8",79,"under60",28.35,36.4,3.823,14.908635,144,39.259,0.0854240479825259,"NS"
"190",15,2022-04-22,932,"30.6",55,"above60",28.68,36.4,3.616,11.402685,148,45.361,-0.406063564118601,"NS"
"191",15,2022-05-12,952,"31.2",35,"above60",27.9,36.1,1.689,10.58463,124,50.551,-1.43974071524794,"NS"
"192",15,2022-06-03,974,"31.9",13,"above60",28.71,35.5,0.576,7.329105,146,61.267,-1.85629828730072,"NS"
"193",16,2021-07-23,659,"21.6",367,"under60",24.81,37.9,2.6,11.569635,137,21.826,-0.623705821199591,"NS"
"194",16,2021-08-27,694,"22.8",332,"under60",26.1,38,3.194,8.898435,181,30.776,0.0144297122334686,"NS"
"195",16,2021-09-21,719,"23.6",307,"under60",27.74,37.5,5.402,13.16679,178,35.09,0.985681670681981,"NS"
"196",16,2021-10-12,740,"24.3",286,"under60",29.96,38.2,6.625,10.75158,179,40.083,1.27966546002894,"NS"
"197",16,2021-11-03,762,"25.0",264,"under60",30.47,37.8,7.084,9.265725,179,24.243,0.956754818422975,"NS"
"198",16,2021-11-23,782,"25.6",244,"under60",30.34,37.2,6.678,13.97928,145,33.08,0.849412686674547,"NS"
"199",16,2021-12-14,803,"26.3",223,"under60",30.86,37.5,7.353,11.85345,170,33.439,1.21623820732685,"NS"
"200",16,2022-01-04,824,"27.0",202,"under60",30.35,37.4,7.057,1.752975,165,40.555,-0.67138169706275,"NS"
"201",16,2022-02-01,852,"27.9",174,"under60",29.29,36.3,5.828,12.28752,144,21.21,-0.0508220555844084,"NS"
"202",16,2022-02-15,866,"28.4",160,"under60",29.78,36.7,6.083,13.42278,142,28.623,0.358869987855787,"NS"
"203",16,2022-03-08,887,"29.1",139,"under60",29.69,36.4,6.049,12.370995,131,51.926,-0.0782195372550353,"NS"
"204",16,2022-03-29,908,"29.8",118,"under60",29.06,36.7,4.99,12.72159,139,23.44,-0.0602448899949236,"NS"
"205",16,2022-04-22,932,"30.6",94,"under60",29.38,36.5,4.875,11.95362,145,39.688,-0.0924134603323878,"NS"
"206",16,2022-05-12,952,"31.2",74,"under60",27.84,36.2,3.745,13.038795,142,49.315,-0.372166825808987,"NS"
"207",16,2022-06-03,974,"31.9",52,"above60",28.72,36.2,3.573,11.65311,141,38.413,-0.588702196407047,"NS"
"208",16,2022-06-20,991,"32.5",35,"above60",28.17,36.3,3.016,13.45617,134,30.467,-0.538018739176634,"NS"
"209",16,2022-07-07,1008,"33.0",18,"above60",29.44,36.5,2.756,13.85685,144,57.405,-0.0484580039951148,"NS"
"210",16,2022-07-25,1026,"33.6",0,"above60",26.25,33,0.245,3.12753,NA,NA,-4.76129153262142,"S"
"211",17,2021-07-23,659,"21.6",256,"under60",31.37,37.3,6.423,13.172355,181,30.64,1.46951155848024,"NS"
"212",17,2021-08-27,694,"22.8",221,"under60",31.06,36.9,5.549,12.28752,168,23.928,0.756756504503037,"NS"
"213",17,2021-09-21,719,"23.6",196,"under60",31.3,37.3,6.587,11.17452,174,91.613,1.19659484130943,"NS"
"214",17,2021-10-12,740,"24.3",175,"under60",30.48,37.9,6.068,13.25583,179,42.268,1.56193075945913,"NS"
"215",17,2021-11-03,762,"25.0",153,"under60",32.38,37.1,7.478,13.72329,185,29.707,1.81360669350689,"NS"
"216",17,2021-11-23,782,"25.6",133,"under60",32.31,37.1,8.366,14.86968,187,32.238,2.17162116171129,"NS"
"217",17,2021-12-14,803,"26.3",112,"under60",31.66,37.2,7.295,11.84232,163,33.006,1.04524001949838,"NS"
"218",17,2022-01-04,824,"27.0",91,"under60",31.08,36.5,6.804,10.1283,188,23.327,0.797238768156099,"NS"
"219",17,2022-02-01,852,"27.9",63,"under60",28.61,37,4.662,15.23697,178,19.883,1.08046061628033,"NS"
"220",17,2022-02-15,866,"28.4",49,"above60",27.37,36.8,3.567,14.04606,138,16.785,-0.217921878626489,"NS"
"221",17,2022-03-08,887,"29.1",28,"above60",27.15,37.1,3.182,11.45277,141,30.836,-0.522641620148977,"NS"
"222",17,2022-03-29,908,"29.8",7,"above60",33.56,29.7,0,10.15056,135,102.35,-3.23414564959038,"S"
"223",18,2021-07-23,659,"21.6",227,"under60",22.7,37.3,1.609,10.65141,138,21.037,-1.34268293646902,"NS"
"224",18,2021-08-27,694,"22.8",192,"under60",22.72,37.5,1.578,11.82006,154,40.944,-0.72742720451538,"NS"
"225",18,2021-09-21,719,"23.6",167,"under60",23.15,36.9,1.947,10.95192,190,30.306,-0.370868318661281,"NS"
"226",18,2021-10-12,740,"24.3",146,"under60",23.26,37.6,1.728,11.74215,167,20.979,-0.445160273825674,"NS"
"227",18,2021-11-03,762,"25.0",124,"under60",23.03,37.9,1.622,11.0187,171,37.752,-0.372279126067587,"NS"
"228",18,2021-11-23,782,"25.6",104,"under60",22.77,37.2,2.041,9.2379,163,70.561,-0.949492603440993,"NS"
"229",18,2021-12-14,803,"26.3",83,"under60",22.81,37.7,1.707,10.92966,147,19.377,-0.961629594563751,"NS"
"230",18,2022-01-04,824,"27.0",62,"under60",22.45,36.8,1.759,8.0136,146,29.686,-1.80196377014382,"NS"
"231",18,2022-02-01,852,"27.9",34,"above60",22.48,36.6,1.145,8.40315,140,20.042,-2.03547082941423,"S"
"232",18,2022-02-15,866,"28.4",20,"above60",24.28,34.5,0,5.62065,124,22.085,-3.55716782234801,"S"
"233",19,2021-07-23,659,"21.6",164,"under60",32.5,37.5,6.47,14.15736,152,27.022,1.28904033426704,"NS"
"234",19,2021-08-27,694,"22.8",129,"under60",32.98,37.4,6.874,10.601325,146,64.043,0.76061517647206,"NS"
"235",19,2021-09-21,719,"23.6",104,"under60",33.37,36.8,7.177,13.56747,164,50.094,1.40456111618383,"NS"
"236",19,2021-10-12,740,"24.3",83,"under60",32.9,38.1,6.074,13.73442,163,45.485,1.67762490541657,"NS"
"237",19,2021-11-03,762,"25.0",61,"under60",34.55,37.5,6.287,10.701495,170,32.821,1.23758000451913,"NS"
"238",19,2021-11-23,782,"25.6",41,"above60",34.25,37.1,5.174,11.89797,167,48.509,1.08338450594204,"NS"
"239",19,2021-12-14,803,"26.3",20,"above60",31.87,37.3,2.58,10.49559,125,35.76,-0.499167154198031,"NS"
"240",20,2021-07-23,659,"21.6",385,"under60",22.9,37.4,1.658,10.38429,120,25.179,-1.63984092046783,"NS"
"241",20,2021-08-27,694,"22.8",350,"under60",22.85,37.1,1.435,9.365895,158,32.187,-1.24539499354919,"NS"
"242",20,2021-09-21,719,"23.6",325,"under60",22.58,36.6,2.442,11.60859,171,45.053,-0.664018595500797,"NS"
"243",20,2021-10-12,740,"24.3",304,"under60",22.84,37.9,1.903,13.62312,138,81.05,-0.397462731515227,"NS"
"244",20,2021-11-03,762,"25.0",282,"under60",23.8,38.1,1.971,12.32091,191,28.495,0.387764299017297,"NS"
"245",20,2021-11-23,782,"25.6",262,"under60",23.44,37.5,2.168,11.28582,144,33.274,-0.861711025150745,"NS"
"246",20,2021-12-14,803,"26.3",241,"under60",24.13,37.2,2.346,10.80723,131,26.388,-1.2148519353681,"NS"
"247",20,2022-01-04,824,"27.0",220,"under60",23.73,36.1,2.601,9.60519,146,29.718,-1.54556036689125,"NS"
"248",20,2022-02-01,852,"27.9",192,"under60",24.08,35.8,2.442,11.04096,136,12.124,-1.63841054639851,"NS"
"249",20,2022-02-15,866,"28.4",178,"under60",24.42,37.5,1.642,11.54181,117,15.988,-1.33940630481182,"NS"
"250",20,2022-03-08,887,"29.1",157,"under60",23.66,37.7,0.738,6.060285,102,43.606,-2.58440385272354,"S"
"251",20,2022-03-29,908,"29.8",136,"under60",23.5,35,0.78,12.0204,126,37.003,-2.18905285687013,"S"
"252",20,2022-04-22,932,"30.6",112,"under60",22.98,34.9,0.713,3.40578,105,27.297,-4.13591801485524,"S"
"253",20,2022-05-12,952,"31.2",92,"under60",22.13,35.2,1.259,7.095375,105,31.613,-3.40205436773059,"S"
"254",20,2022-06-03,974,"31.9",70,"under60",21.49,35.6,0.833,6.828255,82,37.792,-3.82706812849465,"S"
"255",20,2022-06-20,991,"32.5",53,"above60",21.34,34.6,1.267,4.257225,127,18.396,-3.8128228826313,"S"
"256",20,2022-07-07,1008,"33.0",36,"above60",20.2,34.9,0.657,9.633015,100,88.448,-3.30551957245729,"S"
"257",20,2022-07-25,1026,"33.6",18,"above60",20.72,34.4,0.811,7.88004,99,26.51,-3.90168332504164,"S"
"258",20,2022-08-16,1048,"34.4",1,"above60",19.48,35.7,0.527,NA,NA,NA,-2.84342939211879,"S"
"259",21,2021-07-23,659,"21.6",178,"under60",21.17,37.7,1.775,8.54784,120,21.502,-2.00132616902612,"NS"
"260",21,2021-08-27,694,"22.8",143,"under60",22.4,37.7,2.4,9.365895,168,32.287,-0.742014370453325,"NS"
"261",21,2021-09-21,719,"23.6",118,"under60",21.71,37.6,1.908,10.11717,155,37.998,-1.01728046172952,"NS"
"262",21,2021-10-12,740,"24.3",97,"under60",21.56,38,2.262,10.60689,149,25.431,-0.894295579049123,"NS"
"263",21,2021-11-03,762,"25.0",75,"under60",21.58,37.9,2.507,9.6831,161,30.67,-0.813738348685931,"NS"
"264",21,2021-11-23,782,"25.6",55,"above60",21.75,36,2.09,9.77214,133,43.569,-2.02808426994465,"S"
"265",21,2021-12-14,803,"26.3",34,"above60",22.93,38,1.443,11.49729,125,21.376,-1.17798234492463,"NS"
"266",21,2022-01-04,824,"27.0",13,"above60",21.96,36.8,0,8.04699,110,19.187,-2.79108053800714,"S"
"267",22,2021-07-23,659,"21.6",442,"under60",22.03,37.7,2.3,11.135565,127,15.735,-1.29452463620214,"NS"
"268",22,2021-08-27,694,"22.8",407,"under60",22.3,37.1,2.303,10.05039,150,19.285,-1.24169626823802,"NS"
"269",22,2021-09-21,719,"23.6",382,"under60",22.58,37.6,2.35,6.87834,161,28.987,-1.32051142603085,"NS"
"270",22,2021-10-12,740,"24.3",361,"under60",23.25,38,2.847,9.18225,140,32.395,-1.02077100496784,"NS"
"271",22,2021-11-03,762,"25.0",339,"under60",22.74,37.1,2.249,10.901835,176,48.132,-0.507299323644604,"NS"
"272",22,2021-11-23,782,"25.6",319,"under60",22.45,37.8,2.627,10.2396,154,24.708,-0.79774402794941,"NS"
"273",22,2021-12-14,803,"26.3",298,"under60",22.56,37.1,2.457,8.91513,145,26.21,-1.4541474130247,"NS"
"274",22,2022-01-04,824,"27.0",277,"under60",24.58,36.8,2.105,9.59406,155,28.836,-1.11115268033483,"NS"
"275",22,2022-02-01,852,"27.9",249,"under60",23.39,36.6,3.124,8.53671,159,12.298,-1.30579224560725,"NS"
"276",22,2022-02-15,866,"28.4",235,"under60",22.64,37.5,2.564,9.58293,144,15.331,-1.21844494578565,"NS"
"277",22,2022-03-08,887,"29.1",214,"under60",23.33,36.6,2.983,8.98191,159,36.021,-1.1917203429462,"NS"
"278",22,2022-03-29,908,"29.8",193,"under60",23.4,37.2,2.753,9.28242,155,24.014,-1.05098542266899,"NS"
"279",22,2022-04-22,932,"30.6",169,"under60",23.11,36.9,3.213,6.97851,150,41.578,-1.55097779543739,"NS"
"280",22,2022-05-12,952,"31.2",149,"under60",23.28,37.2,2.815,7.930125,135,30.972,-1.62538788154617,"NS"
"281",22,2022-06-03,974,"31.9",127,"under60",22.63,37.1,2.619,11.636415,140,41.345,-1.0184989849693,"NS"
"282",22,2022-06-20,991,"32.5",110,"under60",23.28,37.1,3.189,9.88344,150,36.226,-0.993345542345656,"NS"
"283",22,2022-07-07,1008,"33.0",93,"under60",22.87,36.3,2.468,13.12227,137,28.64,-1.15802519285742,"NS"
"284",22,2022-07-25,1026,"33.6",75,"under60",24.05,36.4,2.496,8.81496,136,42.549,-1.69517756792598,"NS"
"285",22,2022-08-16,1048,"34.4",53,"above60",23.7,37,2.277,11.98701,147,33.531,-0.8338456887806,"NS"
"286",22,2022-09-05,1068,"35.0",33,"above60",24.48,36.6,2.718,13.42278,136,37.024,-0.791833539699238,"NS"
"287",22,2022-09-23,1086,"35.6",15,"above60",23.56,36.4,1.572,6.026895,119,99.885,-2.49469093620733,"S"
"288",23,2021-07-23,659,"21.6",296,"under60",27.91,38,3.637,10.51785,163,25.8,0.188789590143592,"NS"
"289",23,2021-08-27,694,"22.8",261,"under60",28.39,37.6,4.914,10.38429,155,32.44,0.125227951097346,"NS"
"290",23,2021-09-21,719,"23.6",236,"under60",28.68,37.4,6.011,11.13,169,64.77,0.711537078453697,"NS"
"291",23,2021-10-12,740,"24.3",215,"under60",29.1,37.8,6.434,11.89797,173,36.519,1.08715211256861,"NS"
"292",23,2021-11-03,762,"25.0",193,"under60",29.08,37.4,6.665,10.85175,187,28.416,1.0282689335072,"NS"
"293",23,2021-11-23,782,"25.6",173,"under60",28.55,37.6,6.673,12.77724,170,49.085,1.11917926140866,"NS"
"294",23,2021-12-14,803,"26.3",152,"under60",29.62,37.5,6.384,11.99814,183,51.125,1.26053937653423,"NS"
"295",23,2022-01-04,824,"27.0",131,"under60",29.63,37.5,6.803,13.5786,147,38.663,0.893723346755514,"NS"
"296",23,2022-02-01,852,"27.9",103,"under60",30.01,37.6,6.567,12.34317,176,28.427,1.22992821766189,"NS"
"297",23,2022-02-15,866,"28.4",89,"under60",29.7,36.4,6.474,16.66161,170,18.007,1.31800912877632,"NS"
"298",23,2022-03-08,887,"29.1",68,"under60",29.78,37.7,6.396,12.6882,159,48.424,1.02203059657635,"NS"
"299",23,2022-03-29,908,"29.8",47,"above60",30.46,37.3,5.711,13.20018,166,94.82,1.18406778173002,"NS"
"300",23,2022-04-22,932,"30.6",23,"above60",29.01,37.2,4.551,12.52125,138,243.005,0.621508575055407,"NS"
"301",23,2022-05-12,952,"31.2",3,"above60",30.48,37.4,4.03,14.99211,123,348.552,1.20183540090418,"NS"
"302",24,2021-07-23,659,"21.6",425,"under60",31.1,37.7,5.861,9.85005,143,58.155,0.33816599089247,"NS"
"303",24,2021-08-27,694,"22.8",390,"under60",30.4,37.9,4.902,10.334205,152,17.346,0.332374840446935,"NS"
"304",24,2021-09-21,719,"23.6",365,"under60",31.28,37.3,4.99,7.98021,188,89.952,0.67886260184097,"NS"
"305",24,2021-10-12,740,"24.3",344,"under60",31.32,38,6.338,10.33977,164,25.788,0.916917015856058,"NS"
"306",24,2021-11-03,762,"25.0",322,"under60",30.88,36.6,5.822,8.397585,169,44.594,0.0943056436665849,"NS"
"307",24,2021-11-23,782,"25.6",302,"under60",30.6,37.3,5.949,12.30978,181,20.225,1.14940101611662,"NS"
"308",24,2021-12-14,803,"26.3",281,"under60",30.16,37.6,5.81,10.22847,146,31.946,0.243060034493754,"NS"
"309",24,2022-01-04,824,"27.0",260,"under60",30.88,37.7,4.955,12.26526,150,47.338,0.683361995516246,"NS"
"310",24,2022-02-01,852,"27.9",232,"under60",28.9,37.1,3.083,6.64461,130,14.018,-1.41084898686403,"NS"
"311",24,2022-02-15,866,"28.4",218,"under60",29.51,36.2,5.035,12.243,136,22.915,-0.331182202717597,"NS"
"312",24,2022-03-08,887,"29.1",197,"under60",28.28,36.6,4.036,12.270825,144,29.98,-0.281524591942603,"NS"
"313",24,2022-03-29,908,"29.8",176,"under60",29.89,37.5,3.859,11.30808,149,21.916,0.0989917516211651,"NS"
"314",24,2022-04-22,932,"30.6",152,"under60",27.66,37,3.425,6.895035,151,24.757,-1.06725075395375,"NS"
"315",24,2022-05-12,952,"31.2",132,"under60",26.7,36.5,2.655,12.08718,129,35.004,-0.971176520678803,"NS"
"316",24,2022-06-03,974,"31.9",110,"under60",26.43,36,2.644,11.58633,99,28.399,-1.83697437762413,"NS"
"317",24,2022-06-20,991,"32.5",93,"under60",27.18,36.2,1.075,12.55464,144,38.078,-0.906023285220654,"NS"
"318",24,2022-07-07,1008,"33.0",76,"under60",26.82,36.7,2.838,12.17622,155,33.805,-0.370957516824597,"NS"
"319",24,2022-07-25,1026,"33.6",58,"above60",27.54,36.9,3.312,16.72839,140,22.915,0.300121443206981,"NS"
"320",24,2022-08-16,1048,"34.4",36,"above60",26.55,36.8,2.101,14.49126,140,27.401,-0.374983205597258,"NS"
"321",24,2022-09-05,1068,"35.0",16,"above60",26.58,36,2.758,11.04096,159,38.588,-0.771090354280351,"NS"
"322",25,2021-07-23,659,"21.6",10,"above60",31.7,37.2,1.12,NA,135,109.305,0.000197012853266429,"NS"
"323",26,2021-07-23,659,"21.6",124,"under60",29.45,38,3.664,NA,140,69.495,0.418926579772632,"NS"
"324",26,2021-08-27,694,"22.8",89,"under60",29.7,36.2,1.835,NA,145,41.401,-0.844271942664893,"NS"
"325",26,2021-09-21,719,"23.6",64,"under60",28.71,36.4,3.17,NA,172,43.163,-0.0612094849233484,"NS"
"326",26,2021-10-12,740,"24.3",43,"above60",29.26,37,3.166,NA,123,39.303,-0.747844745186001,"NS"
"327",26,2021-11-03,762,"25.0",21,"above60",29.5,36.3,0.366,NA,88,23.862,-2.35230457221896,"S"
"328",26,2021-11-23,782,"25.6",1,"above60",40.68,34.2,0,NA,63,209.432,-1.65071496178224,"NS"
"329",27,2021-07-23,659,"21.6",288,"under60",34.64,37.8,8.306,NA,168,55.783,2.09134688357103,"NS"
"330",27,2021-08-27,694,"22.8",253,"under60",37.98,37.2,11.766,NA,197,33.767,3.14313646479105,"NS"
"331",27,2021-09-21,719,"23.6",228,"under60",40.34,36.8,13.86,NA,187,56.321,3.44291609218545,"NS"
"332",27,2021-10-12,740,"24.3",207,"under60",40.88,37.2,14.495,NA,164,57.724,3.33081984666459,"NS"
"333",27,2021-11-03,762,"25.0",185,"under60",41.24,36.8,14.942,NA,168,39.872,3.20162913824452,"NS"
"334",27,2021-11-23,782,"25.6",165,"under60",39.58,36.9,14.214,NA,155,27.771,2.61229038875722,"NS"
"335",27,2021-12-14,803,"26.3",144,"under60",37.24,36.9,10.398,9.5718,134,58.684,1.11378199810806,"NS"
"336",27,2022-01-04,824,"27.0",123,"under60",32.81,34.9,7.664,11.6865,157,42.605,0.247394284946222,"NS"
"337",27,2022-02-01,852,"27.9",95,"under60",34.72,36.7,6.637,11.28582,162,21.604,0.926996198907989,"NS"
"338",27,2022-02-15,866,"28.4",81,"under60",32.69,36.7,5.648,12.29865,172,18.705,0.920987966569318,"NS"
"339",27,2022-03-08,887,"29.1",60,"above60",32.88,36.1,5.412,11.11887,159,30.191,0.279355677553953,"NS"
"340",27,2022-03-29,908,"29.8",39,"above60",32.55,36.4,3.72,15.89364,164,37.861,1.0189714157291,"NS"
"341",27,2022-04-22,932,"30.6",15,"above60",27.7,35.3,1.406,16.08285,142,83.123,-0.463145348568985,"NS"
"342",28,2021-07-23,659,"21.6",315,"under60",28.86,37.2,6.313,NA,180,83.837,1.28029794614177,"NS"
"343",28,2021-08-27,694,"22.8",280,"under60",31.65,37.5,8.637,NA,183,38.378,1.87016264173194,"NS"
"344",28,2021-09-21,719,"23.6",255,"under60",32.53,36.4,9.918,NA,186,69.152,1.84725967880891,"NS"
"345",28,2021-10-12,740,"24.3",234,"under60",33.66,37,10.422,NA,179,63.917,2.17806297948878,"NS"
"346",28,2021-11-03,762,"25.0",212,"under60",33.98,36.5,10.622,NA,168,54.473,1.69144106497368,"NS"
"347",28,2021-11-23,782,"25.6",192,"under60",33.16,36.6,10.205,NA,157,44.116,1.29361614192226,"NS"
"348",28,2021-12-14,803,"26.3",171,"under60",30.98,37.5,7.412,12.76611,149,32.036,1.00147141439635,"NS"
"349",28,2022-01-04,824,"27.0",150,"under60",29.8,36.8,5.72,11.87571,115,37.705,-0.380862078028055,"NS"
"350",28,2022-02-01,852,"27.9",122,"under60",28.96,36.9,5.313,12.00927,140,21.1,-0.0552870816251625,"NS"
"351",28,2022-02-15,866,"28.4",108,"under60",27.95,36.6,4.163,11.43051,160,34.905,-0.130036514547839,"NS"
"352",28,2022-03-08,887,"29.1",87,"under60",28.53,36.5,4.034,12.32091,162,28.053,0.0378651679202689,"NS"
"353",28,2022-03-29,908,"29.8",66,"under60",26.75,36.4,2.534,12.99984,137,32.991,-0.728534885064766,"NS"
"354",28,2022-04-22,932,"30.6",42,"above60",25.81,36,1.75,6.31071,120,67.36,-2.41711230367605,"S"
"355",28,2022-05-12,952,"31.2",22,"above60",24.12,36.3,0.744,12.22074,123,69.981,-1.57521929381386,"NS"
"356",28,2022-06-03,974,"31.9",0,"above60",24.12,35.9,0.743,0,NA,94.101,-4.01322261764064,"S"
"357",29,2021-07-23,659,"21.6",191,"under60",26.82,37.1,3.566,NA,120,18.308,-1.09320528451507,"NS"
"358",29,2021-08-27,694,"22.8",156,"under60",26.9,37.3,4.16,NA,139,19.378,-0.481816825735414,"NS"
"359",29,2021-09-21,719,"23.6",131,"under60",27.01,36.9,4.046,NA,154,46.486,-0.2080097766164,"NS"
"360",29,2021-10-12,740,"24.3",110,"under60",26.17,37.4,3.153,NA,149,36.212,-0.345965303155963,"NS"
"361",29,2021-11-03,762,"25.0",88,"under60",27.82,37,4.832,NA,148,27.032,-0.197358274335124,"NS"
"362",29,2021-11-23,782,"25.6",68,"under60",26.79,36.8,4.543,NA,135,19.604,-0.777910703595928,"NS"
"363",29,2021-12-14,803,"26.3",47,"above60",24.09,37.2,2.322,NA,153,35.046,-0.724951968001781,"NS"
"364",29,2022-01-04,824,"27.0",26,"above60",23.4,36.9,2.095,NA,160,36.964,-0.830606143056395,"NS"
"365",30,2021-07-23,659,"21.6",288,"under60",23.77,37.3,2.218,NA,145,18.555,-0.996312751668157,"NS"
"366",30,2021-08-27,694,"22.8",253,"under60",23.49,36.9,2.488,NA,155,40.262,-0.845063088800683,"NS"
"367",30,2021-09-21,719,"23.6",228,"under60",23.43,36.9,2.007,NA,164,48.57,-0.683188135344306,"NS"
"368",30,2021-10-12,740,"24.3",207,"under60",23.78,37,2.228,NA,142,96.689,-0.719091929118676,"NS"
"369",30,2021-11-03,762,"25.0",185,"under60",23.98,36.7,2.736,NA,137,22.864,-1.34773926776334,"NS"
"370",30,2021-11-23,782,"25.6",165,"under60",23.97,36.8,3.23,NA,146,17.536,-1.06475715855681,"NS"
"371",30,2021-12-14,803,"26.3",144,"under60",24.28,36.5,2.488,NA,152,88.269,-0.72785016479408,"NS"
"372",30,2022-01-04,824,"27.0",123,"under60",23.28,37.3,2.247,NA,166,43.955,-0.441293815228124,"NS"
"373",30,2022-02-01,852,"27.9",95,"under60",23.38,37.5,1.104,11.76441,149,9.068,-0.920602063177312,"NS"
"374",30,2022-02-15,866,"28.4",81,"under60",22.25,36.2,1.039,9.18225,132,18.995,-2.24280615315162,"S"
"375",30,2022-03-08,887,"29.1",60,"above60",23.27,36.4,1.994,9.54954,142,38.202,-1.62743506034987,"NS"
"376",30,2022-03-29,908,"29.8",39,"above60",23.45,34.6,0.256,7.1232,124,53.427,-3.22735611212753,"S"
"377",30,2022-04-22,932,"30.6",15,"above60",17.88,32.7,0.186,3.50595,102,35.673,-5.56307269507572,"S"
"378",31,2021-07-23,659,"21.6",295,"under60",32.33,36.6,7.323,NA,164,45.076,0.914790815692638,"NS"
"379",31,2021-08-27,694,"22.8",260,"under60",35.18,37.6,10.721,NA,193,30.351,2.78302725229675,"NS"
"380",31,2021-09-21,719,"23.6",235,"under60",37.7,37.5,12.189,NA,217,53.651,3.88152192161171,"NS"
"381",31,2021-10-12,740,"24.3",214,"under60",35.93,37.1,10.897,NA,175,31.794,2.26028805645043,"NS"
"382",31,2021-11-03,762,"25.0",192,"under60",38.81,36.6,13.142,NA,173,42.645,2.68195266974995,"NS"
"383",31,2021-11-23,782,"25.6",172,"under60",39.28,36.6,14.071,NA,175,28.362,2.82727818472996,"NS"
"384",31,2021-12-14,803,"26.3",151,"under60",37.68,36.8,12.319,NA,164,51.349,2.4030312191742,"NS"
"385",31,2022-01-04,824,"27.0",130,"under60",38.3,36.4,13.012,NA,148,36.539,1.93721870797482,"NS"
"386",31,2022-02-01,852,"27.9",102,"under60",34.86,36.8,10.353,NA,139,41.183,1.20556407424857,"NS"
"387",31,2022-02-15,866,"28.4",88,"under60",34.15,36.9,9.599,7.03416,167,24.593,0.76969458619224,"NS"
"388",31,2022-03-08,887,"29.1",67,"under60",32.39,36.9,7.574,10.467765,159,25.327,0.723789799199614,"NS"
"389",31,2022-03-29,908,"29.8",46,"above60",32.18,36.1,7.487,12.243,154,29.164,0.606464519015662,"NS"
"390",31,2022-04-22,932,"30.6",22,"above60",28.23,37.1,4.594,8.42541,123,46.309,-0.99702462917713,"NS"
"391",31,2022-05-12,952,"31.2",2,"above60",20.74,35.9,1.733,NA,112,177.257,-1.8183659899836,"NS"
"392",32,2021-07-23,659,"21.6",59,"above60",25.55,37.7,3.381,NA,131,23.141,-0.683747981052584,"NS"
"393",32,2021-08-27,694,"22.8",24,"above60",26.98,37.4,5.151,NA,179,40.382,0.707360301037821,"NS"
"394",33,2021-07-23,659,"21.6",219,"under60",27.3,37.5,4.793,NA,157,44.079,0.298364485895343,"NS"
"395",33,2021-08-27,694,"22.8",184,"under60",29.43,38.4,6.565,NA,170,59.308,1.63904108947809,"NS"
"396",33,2021-09-21,719,"23.6",159,"under60",31.46,37,8.141,NA,190,52.227,1.74837532343806,"NS"
"397",33,2021-10-12,740,"24.3",138,"under60",31.1,37.3,8.702,NA,166,66.375,1.53538035850058,"NS"
"398",33,2021-11-03,762,"25.0",116,"under60",31.38,37.3,8.354,NA,156,58.456,1.25114172038957,"NS"
"399",33,2021-11-23,782,"25.6",96,"under60",32.66,37,9.34,NA,173,38.984,1.61983740099099,"NS"
"400",33,2021-12-14,803,"26.3",75,"under60",33.2,37.4,9.196,NA,147,101.907,1.71367907243472,"NS"
"401",33,2022-01-04,824,"27.0",54,"above60",33.57,37.2,9.377,NA,148,52.341,1.38499983032864,"NS"
"402",33,2022-02-01,852,"27.9",26,"above60",28.77,37.7,4.49,NA,156,40.486,0.4704584305051,"NS"
"403",33,2022-02-15,866,"28.4",12,"above60",28.04,37.7,3.856,NA,171,45.227,0.640575481654604,"NS"
"404",34,2021-07-23,659,"21.6",319,"under60",32.83,36.7,7.913,NA,156,24.696,0.813885857462999,"NS"
"405",34,2021-08-27,694,"22.8",284,"under60",33.77,36.6,8.886,NA,180,47.713,1.6642519047708,"NS"
"406",34,2021-09-21,719,"23.6",259,"under60",35.34,36.5,10.025,NA,187,58.917,2.17489980352356,"NS"
"407",34,2021-10-12,740,"24.3",238,"under60",34.54,36.6,9.22,NA,178,63.74,1.85772319327251,"NS"
"408",34,2021-11-03,762,"25.0",216,"under60",32.99,36.6,8.217,NA,158,32.015,0.914259069087933,"NS"
"409",34,2021-11-23,782,"25.6",196,"under60",35.07,36.6,10.038,NA,150,98.924,1.67266439319853,"NS"
"410",34,2021-12-14,803,"26.3",175,"under60",33.28,37.1,8.984,NA,155,40.898,1.31653823629954,"NS"
"411",34,2022-01-04,824,"27.0",154,"under60",33.68,37.2,8.724,NA,157,40.943,1.41416301003847,"NS"
"412",34,2022-02-01,852,"27.9",126,"under60",30.31,37.6,6.798,NA,133,24.62,0.353911251044687,"NS"
"413",34,2022-02-15,866,"28.4",112,"under60",28.87,37.2,5.339,NA,152,23.341,0.158805926213399,"NS"
"414",34,2022-03-08,887,"29.1",91,"under60",29.6,36.6,5.058,10.71819,145,30.911,-0.236682094479627,"NS"
"415",34,2022-03-29,908,"29.8",70,"under60",30.09,36.5,4.862,12.77724,115,23.676,-0.478637484834788,"NS"
"416",34,2022-04-22,932,"30.6",46,"above60",27.75,36.8,3.295,11.25243,146,71.483,-0.385686713378574,"NS"
"417",34,2022-05-12,952,"31.2",26,"above60",27.08,36.2,2.393,10.69593,121,42.953,-1.43925634552888,"NS"
"418",34,2022-06-03,974,"31.9",4,"above60",34.29,35.1,0,9.399285,76,NA,-2.42283984289651,"S"
"419",35,2021-07-23,659,"21.6",290,"under60",30.86,37,7.821,NA,172,37.964,1.16483929607403,"NS"
"420",35,2021-08-27,694,"22.8",255,"under60",31.09,36.5,8.25,NA,156,58.423,0.787358493204732,"NS"
"421",35,2021-09-21,719,"23.6",230,"under60",31.6,36.7,8.932,NA,171,39.259,1.24634439623085,"NS"
"422",35,2021-10-12,740,"24.3",209,"under60",31.95,37.3,8.887,NA,160,52.071,1.43846659647777,"NS"
"423",35,2021-11-03,762,"25.0",187,"under60",30.9,37,7.242,NA,153,117.158,1.18022432696959,"NS"
"424",35,2021-11-23,782,"25.6",167,"under60",30.36,36.4,6.945,NA,153,26.687,0.192142838618202,"NS"
"425",35,2021-12-14,803,"26.3",146,"under60",29.36,37,6.531,NA,143,47.997,0.256889117541571,"NS"
"426",35,2022-01-04,824,"27.0",125,"under60",28.6,37.4,4.674,NA,137,27.627,-0.157600324068835,"NS"
"427",35,2022-02-01,852,"27.9",97,"under60",25.49,37.7,1.678,NA,124,51.451,-0.920623629677682,"NS"
"428",35,2022-02-15,866,"28.4",83,"under60",25.45,37.6,1.174,NA,125,52.889,-1.02428084153531,"NS"
"429",35,2022-03-08,887,"29.1",62,"under60",26.38,37,1.973,9.3492,120,52.424,-1.48878333548739,"NS"
"430",35,2022-03-29,908,"29.8",41,"above60",25.08,35.5,0.272,9.43824,100,62.878,-2.75077111451522,"S"
"431",35,2022-04-22,932,"30.6",17,"above60",27.66,36.1,0,8.24733,90,179.934,-2.35963036596265,"S"
"432",36,2021-07-23,659,"21.6",164,"under60",23.87,37.2,2.508,NA,191,47.727,0.161315272974633,"NS"
"433",36,2021-08-27,694,"22.8",129,"under60",25.16,37.5,3.604,NA,149,47.077,-0.264724043745668,"NS"
"434",36,2021-09-21,719,"23.6",104,"under60",25.4,37.1,3.795,NA,166,41.989,-0.0914056266222601,"NS"
"435",36,2021-10-12,740,"24.3",83,"under60",26.02,37.2,3.975,NA,158,48.383,-0.0731374926743969,"NS"
"436",36,2021-11-03,762,"25.0",61,"under60",24.85,37.3,3.151,NA,154,27.376,-0.490985129290038,"NS"
"437",36,2021-11-23,782,"25.6",41,"above60",24.95,36.3,2.631,NA,188,88.387,0.0220220687963855,"NS"
"438",36,2021-12-14,803,"26.3",20,"above60",24.76,37.4,1.207,NA,135,45.804,-1.03158903732059,"NS"
"439",37,2021-07-23,659,"21.6",203,"under60",33.11,37.7,7.83,NA,154,39.306,1.40192015144726,"NS"
"440",37,2021-08-27,694,"22.8",168,"under60",36.53,37.3,11.246,NA,196,49.578,3.03788098876248,"NS"
"441",37,2021-09-21,719,"23.6",143,"under60",38.27,37.1,12.907,NA,168,59.411,2.84843182990828,"NS"
"442",37,2021-10-12,740,"24.3",122,"under60",38.98,37.7,13.297,NA,161,79.315,3.27539167377963,"NS"
"443",37,2021-11-03,762,"25.0",100,"under60",38.9,36.8,13.071,NA,191,53.011,3.22987494843967,"NS"
"444",37,2021-11-23,782,"25.6",80,"under60",39.05,37,14.05,NA,181,30.593,3.1480485262257,"NS"
"445",37,2021-12-14,803,"26.3",59,"above60",38.25,37,13.41,NA,166,45.872,2.74379508204535,"NS"
"446",37,2022-01-04,824,"27.0",38,"above60",39.37,37.1,14.691,NA,163,142.16,3.65895392414911,"NS"
"447",37,2022-02-01,852,"27.9",10,"above60",38.23,36.1,7.909,NA,123,89.953,0.799648295154179,"NS"
"448",38,2021-07-23,659,"21.6",399,"under60",34.57,37.6,10.38,NA,186,83.04,2.85040350614792,"NS"
"449",38,2021-08-27,694,"22.8",364,"under60",35.04,37.5,11.226,NA,210,76.247,3.4421362769159,"NS"
"450",38,2021-09-21,719,"23.6",339,"under60",35.8,37.5,11.89,NA,204,57.559,3.38144556962591,"NS"
"451",38,2021-10-12,740,"24.3",318,"under60",35.37,37.2,11.452,NA,192,98.623,3.11825887454121,"NS"
"452",38,2021-11-03,762,"25.0",296,"under60",33.5,37.1,10.19,NA,196,71.959,2.5864776238383,"NS"
"453",38,2021-11-23,782,"25.6",276,"under60",34.36,37.4,11.347,NA,194,30.642,2.70974874629943,"NS"
"454",38,2021-12-14,803,"26.3",255,"under60",24.4,37.3,10.968,NA,204,37.414,1.77992672666257,"NS"
"455",38,2022-01-04,824,"27.0",234,"under60",33.2,37.7,10.88,NA,195,34.065,2.71182098564043,"NS"
"456",38,2022-02-01,852,"27.9",206,"under60",31.94,37.5,8.755,NA,144,31.452,1.05347262023503,"NS"
"457",38,2022-02-15,866,"28.4",192,"under60",26.74,37.6,4.202,NA,156,15.981,0.000484352138798926,"NS"
"458",38,2022-03-08,887,"29.1",171,"under60",27.49,37.4,5.069,10.167255,161,21.59,0.0256537565553785,"NS"
"459",38,2022-03-29,908,"29.8",150,"under60",28.26,37,4.755,8.42541,159,18.499,-0.427933676284003,"NS"
"460",38,2022-04-22,932,"30.6",126,"under60",25.6,36.9,3.481,9.63858,138,24.116,-1.08570791639494,"NS"
"461",38,2022-05-12,952,"31.2",106,"under60",25.55,35.6,3.784,9.74988,133,29.718,-1.58894927615748,"NS"
"462",38,2022-06-03,974,"31.9",84,"under60",25.07,36.1,3.361,9.2379,138,25.169,-1.51933913240667,"NS"
"463",38,2022-06-20,991,"32.5",67,"under60",25.79,36.2,3.353,10.58463,121,45.091,-1.440865525453,"NS"
"464",38,2022-07-07,1008,"33.0",50,"above60",25.6,36.5,2.917,10.37316,127,41.929,-1.34639579189252,"NS"
"465",38,2022-07-25,1026,"33.6",32,"above60",26.36,36.7,2.354,6.74478,121,27.242,-2.03359278850804,"S"
"466",38,2022-08-16,1048,"34.4",10,"above60",24.56,36.1,0.086,6.22167,106,23.634,-3.14309929996575,"S"
"467",39,2021-07-23,659,"21.6",290,"under60",23.05,36.4,3.025,NA,133,34.057,-1.57321601954769,"NS"
"468",39,2021-08-27,694,"22.8",255,"under60",23.72,36.9,3.249,NA,177,41.178,-0.233644734569713,"NS"
"469",39,2021-09-21,719,"23.6",230,"under60",24.46,36.9,3.574,NA,172,20.699,-0.338844259912955,"NS"
"470",39,2021-10-12,740,"24.3",209,"under60",24.1,36.3,3.192,NA,160,23.736,-0.982424913792642,"NS"
"471",39,2021-11-03,762,"25.0",187,"under60",23.46,36.2,2.935,NA,165,40.809,-0.929573000690856,"NS"
"472",39,2021-11-23,782,"25.6",167,"under60",24.72,36.8,4.28,NA,117,22.756,-1.40097127763542,"NS"
"473",39,2021-12-14,803,"26.3",146,"under60",24.82,35.9,3.246,NA,137,32.858,-1.53198211834522,"NS"
"474",39,2022-01-04,824,"27.0",125,"under60",23.48,37.1,2.717,NA,135,32.3,-1.17887605240538,"NS"
"475",39,2022-02-01,852,"27.9",97,"under60",23.35,37.6,2.18,NA,139,12.989,-1.05297744988923,"NS"
"476",39,2022-02-15,866,"28.4",83,"under60",24.05,37.5,1.47,NA,153,14.567,-0.833588081012644,"NS"
"477",39,2022-03-08,887,"29.1",62,"under60",23.08,37,3.072,NA,134,33.91,-1.23034860275822,"NS"
"478",39,2022-03-29,908,"29.8",41,"above60",24.94,36.6,0.802,NA,146,24.456,-1.39383577103252,"NS"
"479",39,2022-04-22,932,"30.6",17,"above60",24.43,37.3,0,11.11887,84,33.33,-2.27886171452748,"S"
"480",40,2021-07-23,659,"21.6",367,"under60",29.3,36.8,5.204,NA,144,29.479,-0.153654222263256,"NS"
"481",40,2021-08-27,694,"22.8",332,"under60",33.1,37.5,9.041,NA,159,51.196,1.66352034231504,"NS"
"482",40,2021-09-21,719,"23.6",307,"under60",34.21,36.7,9.711,NA,193,35.465,2.08719291366262,"NS"
"483",40,2021-10-12,740,"24.3",286,"under60",33.41,36.7,9.191,NA,170,50.206,1.52931115461542,"NS"
"484",40,2021-11-03,762,"25.0",264,"under60",34.1,36.3,9.14,NA,161,39.753,1.13180144592532,"NS"
"485",40,2021-11-23,782,"25.6",244,"under60",32.6,36.9,9.512,NA,161,17.001,1.19577677904067,"NS"
"486",40,2021-12-14,803,"26.3",223,"under60",32.08,36.9,8.393,NA,138,37.283,0.611011273455742,"NS"
"487",40,2022-01-04,824,"27.0",202,"under60",31.42,37.2,8.685,NA,140,39.391,0.79641034532852,"NS"
"488",40,2022-02-01,852,"27.9",174,"under60",31.01,35.5,7.511,NA,128,18.015,-0.701126074921766,"NS"
"489",40,2022-02-15,866,"28.4",160,"under60",29.19,37.6,6.136,NA,157,16.419,0.58563783471316,"NS"
"490",40,2022-03-08,887,"29.1",139,"under60",30.18,35.5,6.98,NA,134,23.41,-0.711573763866501,"NS"
"491",40,2022-03-29,908,"29.8",118,"under60",27.37,36.3,4.436,NA,108,32.067,-1.48256042333577,"NS"
"492",40,2022-04-22,932,"30.6",94,"under60",25.61,36.7,3.29,13.87911,116,30.054,-0.865732174139515,"NS"
"493",40,2022-05-12,952,"31.2",74,"under60",27.27,36.1,3.11,12.37656,108,20.766,-1.37188423846513,"NS"
"494",40,2022-06-03,974,"31.9",52,"above60",27.68,36,3.009,10.00587,128,36.342,-1.36887377949394,"NS"
"495",40,2022-06-20,991,"32.5",35,"above60",27.39,35.7,2.377,11.55294,158,73.016,-0.69378449891943,"NS"
"496",40,2022-07-07,1008,"33.0",18,"above60",27.43,35.5,2.297,11.63085,149,44.879,-1.00661921271147,"NS"
"497",40,2022-07-25,1026,"33.6",0,"above60",25.55,37,0.849,NA,NA,NA,-1.0573974456151,"NS"
"498",41,2021-07-23,659,"21.6",344,"under60",33.48,37.1,8.533,NA,169,32.426,1.51037323615125,"NS"
"499",41,2021-08-27,694,"22.8",309,"under60",36.1,36.9,11.083,NA,165,81.942,2.3093216245454,"NS"
"500",41,2021-09-21,719,"23.6",284,"under60",38.5,36.6,13.492,NA,189,29.01,2.95350155039721,"NS"
"501",41,2021-10-12,740,"24.3",263,"under60",38.16,37,13.459,NA,204,46.583,3.54733050537387,"NS"
"502",41,2021-11-03,762,"25.0",241,"under60",37.35,36.7,13.048,NA,180,61.541,2.82928827519827,"NS"
"503",41,2021-11-23,782,"25.6",221,"under60",37.24,37.6,12.897,NA,180,32.204,3.07712723511591,"NS"
"504",41,2021-12-14,803,"26.3",200,"under60",38.11,36.9,13.836,NA,161,71.282,2.79738534993447,"NS"
"505",41,2022-01-04,824,"27.0",179,"under60",38.43,36.4,13.956,NA,152,50.656,2.26993766936341,"NS"
"506",41,2022-02-01,852,"27.9",151,"under60",32.6,36.9,8.648,NA,147,21.185,0.794224607616985,"NS"
"507",41,2022-02-15,866,"28.4",137,"under60",30.61,37.2,6.259,NA,124,21.519,-0.114159714420777,"NS"
"508",41,2022-03-08,887,"29.1",116,"under60",27.46,36.6,2.943,NA,123,25.06,-1.27429207011402,"NS"
"509",41,2022-03-29,908,"29.8",95,"under60",28.51,37.3,3.042,13.105575,149,34.221,0.0997198860840043,"NS"
"510",41,2022-04-22,932,"30.6",71,"under60",28.19,36.3,1.866,NA,127,26.485,-1.42398523700337,"NS"
"511",41,2022-05-12,952,"31.2",51,"above60",28.4,36.2,1.231,13.62312,111,23.007,-1.22745782072631,"NS"
"512",41,2022-06-03,974,"31.9",29,"above60",25.34,36.1,1.272,12.72159,116,28.038,-1.61172518729801,"NS"
"513",41,2022-06-20,991,"32.5",12,"above60",26.82,36.2,1.215,9.48276,111,30.893,-2.05710039870846,"S"
"514",42,2021-07-23,659,"21.6",425,"under60",24.05,36.6,2.357,NA,149,30.43,-1.1496570002439,"NS"
"515",42,2021-08-27,694,"22.8",390,"under60",24.46,37.3,2.759,NA,162,55.412,-0.247343088538217,"NS"
"516",42,2021-09-21,719,"23.6",365,"under60",23.68,37.4,2.309,NA,181,37.786,-0.0593579030096446,"NS"
"517",42,2021-10-12,740,"24.3",344,"under60",23.92,38.2,2.695,NA,153,26.021,-0.222561705408916,"NS"
"518",42,2021-11-03,762,"25.0",322,"under60",24.1,37,2.231,NA,169,20.614,-0.595842930388298,"NS"
"519",42,2021-11-23,782,"25.6",302,"under60",24.97,37.8,2.891,NA,171,21.258,0.0619405958056173,"NS"
"520",42,2021-12-14,803,"26.3",281,"under60",24.28,37.5,3.227,NA,172,31.022,-0.034064061421229,"NS"
"521",42,2022-01-04,824,"27.0",260,"under60",23.88,38,2.881,NA,174,30.765,0.170401569140268,"NS"
"522",42,2022-02-01,852,"27.9",232,"under60",24.58,37.6,3.154,NA,160,14.834,-0.31627689789153,"NS"
"523",42,2022-02-15,866,"28.4",218,"under60",25.38,37.9,3.417,NA,160,17.358,-0.0175620783997137,"NS"
"524",42,2022-03-08,887,"29.1",197,"under60",23.4,36.9,2.736,10.88514,153,20.553,-0.944563373139331,"NS"
"525",42,2022-03-29,908,"29.8",176,"under60",23.36,36.5,2.104,9.61632,172,17.989,-1.06226971986808,"NS"
"526",42,2022-04-22,932,"30.6",152,"under60",23.98,37.1,2.955,9.09321,142,16.947,-1.28923642971717,"NS"
"527",42,2022-05-12,952,"31.2",132,"under60",23.64,36.9,2.599,10.64028,138,69.817,-1.11718597867928,"NS"
"528",42,2022-06-03,974,"31.9",110,"under60",23.7,35.9,2.807,8.93739,135,29.839,-1.90507521222212,"NS"
"529",42,2022-06-20,991,"32.5",93,"under60",23.16,36,2.429,9.900135,138,28.627,-1.76560571524597,"NS"
"530",42,2022-07-07,1008,"33.0",76,"under60",22.68,36.3,1.867,9.19338,127,18.128,-2.13263444970167,"S"
"531",42,2022-07-25,1026,"33.6",58,"above60",21.6,36.4,0.961,10.133865,136,22.059,-2.00463396342796,"S"
"532",42,2022-08-16,1048,"34.4",36,"above60",21.41,36.3,1.598,8.2362,130,25.163,-2.38500249253549,"S"
"533",42,2022-09-05,1068,"35.0",16,"above60",20.61,36.3,1.759,8.40315,129,39.775,-2.3913671698932,"S"
"534",43,2021-07-23,659,"21.6",59,"above60",28.46,37.6,1.33,NA,157,48.962,-0.0261051755950384,"NS"
"535",43,2021-08-27,694,"22.8",24,"above60",22.8,37.7,1.824,NA,167,98.123,0.013678865728593,"NS"
"536",44,2021-07-23,659,"21.6",211,"under60",36.77,37,9.924,NA,155,43.396,1.80083809569664,"NS"
"537",44,2021-08-27,694,"22.8",176,"under60",38.09,36.4,12.154,NA,171,60.896,2.42162191620556,"NS"
"538",44,2021-09-21,719,"23.6",151,"under60",38.75,36.8,13.009,NA,184,40.422,2.97699960062098,"NS"
"539",44,2021-10-12,740,"24.3",130,"under60",39.33,36.6,13.416,NA,192,53.811,3.25130136801401,"NS"
"540",44,2021-11-03,762,"25.0",108,"under60",36.38,37,10.777,NA,174,35.704,2.24192043807618,"NS"
"541",44,2021-11-23,782,"25.6",88,"under60",33.98,37.2,9.167,NA,178,84.068,2.23001064854571,"NS"
"542",44,2021-12-14,803,"26.3",67,"under60",31.2,37.1,5.191,11.89797,153,33.981,0.482194334791595,"NS"
"543",44,2022-01-04,824,"27.0",46,"above60",30.79,37.4,5.287,11.53068,160,31.42,0.626537711873605,"NS"
"544",44,2022-02-01,852,"27.9",18,"above60",29.35,37.1,4.278,5.95455,192,15.855,-0.167188948599418,"NS"
"545",44,2022-02-15,866,"28.4",4,"above60",29.43,37,4.04,NA,108,26.74,-0.990858323000045,"NS"
"546",45,2021-07-23,659,"21.6",100,"under60",32.25,36.4,7.412,NA,177,51.567,1.13090257103044,"NS"
"547",45,2021-08-27,694,"22.8",65,"under60",32.99,36.8,7.365,NA,183,52.042,1.54108981828409,"NS"
"548",45,2021-09-21,719,"23.6",40,"above60",31.03,36,3.797,NA,133,61.173,-0.631438065245006,"NS"
"549",45,2021-10-12,740,"24.3",19,"above60",25.44,33.3,0,NA,98,42.423,-4.07911011832021,"S"
"550",46,2021-07-23,659,"21.6",277,"under60",25.02,36.7,2.613,NA,136,31.264,-1.22256701619522,"NS"
"551",46,2021-08-27,694,"22.8",242,"under60",26.09,37.2,4.22,NA,160,38.66,-0.0472339306415985,"NS"
"552",46,2021-09-21,719,"23.6",217,"under60",26.25,36.3,4.176,NA,157,41.541,-0.550178799573834,"NS"
"553",46,2021-10-12,740,"24.3",196,"under60",26.31,37,4.515,NA,151,37.589,-0.27879361157056,"NS"
"554",46,2021-11-03,762,"25.0",174,"under60",26.3,35.9,3.941,NA,122,26.714,-1.62078049044267,"NS"
"555",46,2021-11-23,782,"25.6",154,"under60",25.59,36.2,4.244,NA,138,18.541,-1.20889661579788,"NS"
"556",46,2021-12-14,803,"26.3",133,"under60",26.33,36.6,4.674,NA,137,20.023,-0.866603278618983,"NS"
"557",46,2022-01-04,824,"27.0",112,"under60",24.07,36.5,2.927,12.25413,140,50.047,-0.925023197002623,"NS"
"558",46,2022-02-01,852,"27.9",84,"under60",23.98,37.5,2.288,12.33204,123,21.402,-1.03234845269119,"NS"
"559",46,2022-02-15,866,"28.4",70,"under60",23.47,37.4,1.658,13.32261,125,21.833,-1.01055360331006,"NS"
"560",46,2022-03-08,887,"29.1",49,"above60",21.85,35.2,1.222,9.95022,141,30.079,-2.30613906978404,"S"
"561",46,2022-03-29,908,"29.8",28,"above60",20.5,34.3,0.859,8.29185,134,25.52,-3.24869335446605,"S"
"562",46,2022-04-22,932,"30.6",4,"above60",18.05,33.7,0.93,NA,71,176.017,-4.24888640829894,"S"
"563",47,2021-07-23,659,"21.6",114,"under60",24.11,37.8,3.761,NA,165,36.177,0.0708397078035283,"NS"
"564",47,2021-08-27,694,"22.8",79,"under60",23.55,37.9,3.965,NA,179,47.647,0.461601749226399,"NS"
"565",47,2021-09-21,719,"23.6",54,"above60",23.79,36.9,3.896,NA,175,31.926,-0.227300681940688,"NS"
"566",47,2021-10-12,740,"24.3",33,"above60",24.33,36.9,2.917,NA,147,54.635,-0.766408028813958,"NS"
"567",47,2021-11-03,762,"25.0",11,"above60",24.97,37,0.27,NA,115,196.587,-0.829569816551661,"NS"
"568",48,2021-07-23,659,"21.6",430,"under60",27.35,38.2,3.879,NA,165,40.36,0.672700515127267,"NS"
"569",48,2021-08-27,694,"22.8",395,"under60",27.84,38.1,5.396,NA,173,73.427,1.28439941580946,"NS"
"570",48,2021-09-21,719,"23.6",370,"under60",29.09,38.1,6.028,NA,183,45.573,1.55098518969605,"NS"
"571",48,2021-10-12,740,"24.3",349,"under60",28.82,38.3,5.659,NA,179,33.268,1.4071179127571,"NS"
"572",48,2021-11-03,762,"25.0",327,"under60",29.98,37.5,6.531,NA,176,54.823,1.32284436944522,"NS"
"573",48,2021-11-23,782,"25.6",307,"under60",28.06,37,5.277,NA,170,195.591,1.42644725884528,"NS"
"574",48,2021-12-14,803,"26.3",286,"under60",29.24,37.6,6.552,NA,156,23.835,0.680779342805184,"NS"
"575",48,2022-01-04,824,"27.0",265,"under60",28.85,37,5.316,9.47163,158,34.323,-0.0856589839188554,"NS"
"576",48,2022-02-01,852,"27.9",237,"under60",27,37.5,3.909,9.83892,148,25.598,-0.43755593649752,"NS"
"577",48,2022-02-15,866,"28.4",223,"under60",26,37.7,3.123,13.30035,155,22.233,0.116763672750144,"NS"
"578",48,2022-03-08,887,"29.1",202,"under60",26.7,36.9,3.652,12.25413,171,37.386,0.126489803302727,"NS"
"579",48,2022-03-29,908,"29.8",181,"under60",27.65,36.6,3.927,12.36543,155,27.435,-0.15130824793998,"NS"
"580",48,2022-04-22,932,"30.6",157,"under60",25.79,37.2,3.178,10.50672,144,50.093,-0.671692764332219,"NS"
"581",48,2022-05-12,952,"31.2",137,"under60",23.71,36.2,2.832,11.99814,156,46.062,-0.848752490316846,"NS"
"582",48,2022-06-03,974,"31.9",115,"under60",26.15,36.7,3.23,13.16679,140,22.208,-0.522389127225413,"NS"
"583",48,2022-06-20,991,"32.5",98,"under60",26.34,36.8,3.09,12.471165,146,45.182,-0.428324324382761,"NS"
"584",48,2022-07-07,1008,"33.0",81,"under60",26.55,36.3,3.343,11.10774,136,31.274,-1.00591112594746,"NS"
"585",48,2022-07-25,1026,"33.6",63,"under60",26.53,37.3,1.835,10.234035,120,42.655,-1.26175097753318,"NS"
"586",48,2022-08-16,1048,"34.4",41,"above60",26.16,37.2,0.5,17.88591,115,26.289,-0.393662638937654,"NS"
"587",48,2022-09-05,1068,"35.0",21,"above60",28.36,35.7,0.106,8.69253,121,33.575,-2.19299317691864,"S"
"588",48,2022-09-23,1086,"35.6",3,"above60",30.26,35.7,0,NA,95,118.988,-1.88993100480278,"NS"
